-- MySQL dump 10.13  Distrib 5.7.18, for Linux (x86_64)
--
-- Host: localhost    Database: homestead
-- ------------------------------------------------------
-- Server version	5.7.18-0ubuntu0.16.04.1

/*!40101 SET @OLD_CHARACTER_SET_CLIENT=@@CHARACTER_SET_CLIENT */;
/*!40101 SET @OLD_CHARACTER_SET_RESULTS=@@CHARACTER_SET_RESULTS */;
/*!40101 SET @OLD_COLLATION_CONNECTION=@@COLLATION_CONNECTION */;
/*!40101 SET NAMES utf8 */;
/*!40103 SET @OLD_TIME_ZONE=@@TIME_ZONE */;
/*!40103 SET TIME_ZONE='+00:00' */;
/*!40014 SET @OLD_UNIQUE_CHECKS=@@UNIQUE_CHECKS, UNIQUE_CHECKS=0 */;
/*!40014 SET @OLD_FOREIGN_KEY_CHECKS=@@FOREIGN_KEY_CHECKS, FOREIGN_KEY_CHECKS=0 */;
/*!40101 SET @OLD_SQL_MODE=@@SQL_MODE, SQL_MODE='NO_AUTO_VALUE_ON_ZERO' */;
/*!40111 SET @OLD_SQL_NOTES=@@SQL_NOTES, SQL_NOTES=0 */;

--
-- Table structure for table `classrooms`
--

DROP TABLE IF EXISTS `classrooms`;
/*!40101 SET @saved_cs_client     = @@character_set_client */;
/*!40101 SET character_set_client = utf8 */;
CREATE TABLE `classrooms` (
  `id` int(10) unsigned NOT NULL AUTO_INCREMENT,
  `name` varchar(255) CHARACTER SET utf8mb4 COLLATE utf8mb4_bin NOT NULL,
  `created_at` timestamp NOT NULL DEFAULT CURRENT_TIMESTAMP,
  `updated_at` timestamp NULL DEFAULT NULL,
  PRIMARY KEY (`id`)
) ENGINE=InnoDB AUTO_INCREMENT=45 DEFAULT CHARSET=utf8mb4 COLLATE=utf8mb4_unicode_ci;
/*!40101 SET character_set_client = @saved_cs_client */;

--
-- Dumping data for table `classrooms`
--

LOCK TABLES `classrooms` WRITE;
/*!40000 ALTER TABLE `classrooms` DISABLE KEYS */;
INSERT INTO `classrooms` VALUES (16,'SS101','2017-03-31 07:46:43','2017-04-25 23:45:03'),(17,'ST436','2017-03-31 07:46:43','2017-03-31 07:46:43'),(19,'C108','2017-03-31 07:46:43','2017-03-31 07:46:43'),(21,'H208','2017-04-07 04:01:34','2017-04-07 04:01:34'),(22,'H306','2017-04-07 04:02:42','2017-04-07 04:02:42'),(23,'H307','2017-04-07 04:02:42','2017-04-07 04:02:42'),(24,'H304','2017-04-07 04:02:42','2017-04-07 04:02:42'),(25,'H305','2017-04-07 04:02:43','2017-04-07 04:02:43'),(26,'H318','2017-04-07 04:02:43','2017-04-25 20:14:11'),(35,'C101','2017-05-19 14:42:01','2017-05-19 14:42:01'),(36,'C102','2017-05-19 15:01:40','2017-05-19 15:01:40'),(37,'C103','2017-05-19 15:01:43','2017-05-19 15:01:43'),(38,'ST010','2017-05-19 15:01:49','2017-05-19 15:01:49'),(39,'ST011','2017-05-19 15:01:57','2017-05-19 15:01:57'),(40,'ST012','2017-05-19 15:02:01','2017-05-19 15:02:01'),(41,'ST021','2017-05-19 15:02:06','2017-05-19 15:02:06'),(42,'C215','2017-05-19 15:02:11','2017-05-19 15:02:11'),(43,'E201','2017-05-19 15:06:04','2017-05-19 15:06:04'),(44,'X001','2017-05-19 15:33:17','2017-05-19 15:33:17');
/*!40000 ALTER TABLE `classrooms` ENABLE KEYS */;
UNLOCK TABLES;

--
-- Table structure for table `course_bases`
--

DROP TABLE IF EXISTS `course_bases`;
/*!40101 SET @saved_cs_client     = @@character_set_client */;
/*!40101 SET character_set_client = utf8 */;
CREATE TABLE `course_bases` (
  `id` int(10) unsigned NOT NULL AUTO_INCREMENT,
  `name` varchar(255) COLLATE utf8mb4_bin NOT NULL,
  `created_at` timestamp NOT NULL DEFAULT CURRENT_TIMESTAMP,
  `updated_at` timestamp NULL DEFAULT NULL,
  PRIMARY KEY (`id`)
) ENGINE=InnoDB AUTO_INCREMENT=147 DEFAULT CHARSET=utf8mb4 COLLATE=utf8mb4_bin;
/*!40101 SET character_set_client = @saved_cs_client */;

--
-- Dumping data for table `course_bases`
--

LOCK TABLES `course_bases` WRITE;
/*!40000 ALTER TABLE `course_bases` DISABLE KEYS */;
INSERT INTO `course_bases` VALUES (1,'N/A','2017-05-18 00:18:09','2017-05-18 00:18:09'),(8,'離散數學','2017-03-31 07:45:40','2017-03-31 07:45:40'),(10,'線性代數','2017-03-31 07:45:40','2017-03-31 07:45:40'),(11,'計算機組織','2017-03-31 07:45:40','2017-03-31 07:45:40'),(12,'演算法','2017-03-31 07:45:40','2017-03-31 07:45:40'),(13,'生命與生活','2017-03-31 07:45:40','2017-03-31 07:45:40'),(14,'作業系統','2017-03-31 07:45:40','2017-03-31 07:45:40'),(15,'資料結構','2017-03-31 07:45:40','2017-03-31 07:45:40'),(16,'微積分','2017-04-02 16:01:31','2017-04-02 16:01:31'),(17,'高等微積分','2017-04-02 16:01:31','2017-04-02 16:01:31'),(18,'文學概論','2017-04-07 04:03:34','2017-04-07 04:03:34'),(19,'中國文學史','2017-04-07 04:04:36','2017-04-07 04:04:36'),(20,'詩選及習作','2017-04-07 04:04:36','2017-04-07 04:04:36'),(21,'文字學','2017-04-07 04:04:36','2017-04-07 04:04:36'),(22,'聲韻學','2017-04-07 04:04:36','2017-04-07 04:04:36'),(23,'歷代文選及習作','2017-04-07 04:04:36','2017-04-07 04:04:36'),(24,'史記','2017-05-07 23:15:25','2017-05-07 23:15:25'),(25,'清史','2017-05-07 23:15:36','2017-05-07 23:15:36'),(28,'人文：戲劇賞析','2017-05-08 00:49:28','2017-05-23 02:47:29'),(29,'劇本寫作','2017-05-08 00:49:33','2017-05-08 00:49:33'),(30,'普通化學','2017-05-08 00:51:21','2017-05-08 00:51:21'),(31,'有機化學實驗','2017-05-08 00:51:31','2017-05-08 00:51:31'),(32,'物理化學','2017-05-08 00:51:40','2017-05-08 00:51:40'),(33,'物理化學實驗','2017-05-08 00:51:43','2017-05-08 00:51:43'),(34,'儀器分析實驗','2017-05-08 00:51:50','2017-05-08 00:51:50'),(88,'創業方法論','2017-05-19 14:35:07','2017-05-19 14:35:07'),(89,'計算機概論','2017-05-19 14:45:02','2017-05-19 14:45:02'),(90,'電子電路學','2017-05-19 14:45:35','2017-05-19 14:45:35'),(91,'電子電路學實驗','2017-05-19 14:45:59','2017-05-19 14:45:59'),(92,'C程式設計與實作','2017-05-19 14:46:32','2017-05-19 14:46:32'),(93,'普通物理','2017-05-19 14:47:12','2017-05-19 14:47:12'),(94,'專題實作','2017-05-19 14:54:46','2017-05-19 14:54:46'),(95,'資料庫','2017-05-19 14:55:03','2017-05-19 14:55:03'),(96,'JAVA程式設計','2017-05-19 14:56:03','2017-05-19 14:56:03'),(97,'邏輯設計','2017-05-19 14:56:50','2017-05-19 14:56:50'),(98,'系統程式與組合語言','2017-05-19 14:57:06','2017-05-19 14:57:06'),(99,'邏輯設計實驗','2017-05-19 14:57:18','2017-05-19 14:57:18'),(100,'計算機網路','2017-05-19 14:57:38','2017-05-19 14:57:38'),(101,'嵌入式系統導論','2017-05-19 14:57:52','2017-05-19 14:57:52'),(102,'程式語言','2017-05-19 14:58:06','2017-05-19 14:58:06'),(103,'機率統計','2017-05-19 14:58:39','2017-05-19 14:58:39'),(104,'科技英文閱讀寫作','2017-05-19 14:59:05','2017-05-19 14:59:05'),(105,'編譯器','2017-05-19 14:59:15','2017-05-19 14:59:15'),(106,'進階資料結構','2017-05-19 14:59:28','2017-05-19 14:59:28'),(107,'軟體工程','2017-05-19 14:59:47','2017-05-19 14:59:47'),(109,'專題研究','2017-05-19 15:00:21','2017-05-19 15:00:21'),(110,'網際網路創新應用','2017-05-19 15:00:31','2017-05-19 15:00:31'),(111,'人文：宗教與文學','2017-05-23 02:44:36','2017-05-23 02:47:12'),(112,'人文：基督教倫理','2017-05-23 02:44:44','2017-05-23 02:46:52'),(113,'台灣史概論','2017-05-23 02:44:49','2017-05-23 02:44:49'),(114,'人文：宋詞賞析','2017-05-23 02:44:54','2017-05-23 02:47:05'),(115,'人文：英詩賞析','2017-05-23 02:44:58','2017-05-23 02:48:11'),(116,'人文：音樂賞析','2017-05-23 02:45:12','2017-05-23 02:48:02'),(117,'自然：自然科學概論','2017-05-23 02:45:39','2017-05-23 02:48:17'),(118,'自然：生活中的物理實驗','2017-05-23 02:45:56','2017-05-23 02:47:56'),(119,'自然：營養與保健','2017-05-23 02:46:00','2017-05-23 02:47:47'),(120,'數論與密碼','2017-05-23 02:46:05','2017-05-23 02:46:05'),(121,'自然：地球科學─地質學','2017-05-23 02:46:13','2017-05-23 02:46:42'),(122,'社會：憲政民主','2017-05-23 02:48:36','2017-05-23 02:48:36'),(123,'社會：當代政治與社會','2017-05-23 02:48:42','2017-05-23 02:48:42'),(124,'社會：環境與政治','2017-05-23 02:48:48','2017-05-23 02:48:48'),(125,'社會：行銷與創新','2017-05-23 02:48:53','2017-05-23 02:48:53'),(126,'社會：女性與台灣社會','2017-05-23 02:48:58','2017-05-23 02:48:58'),(127,'社會：新聞與媒體','2017-05-23 02:49:02','2017-05-23 02:49:02'),(128,'社會：中國製造的背後','2017-05-23 02:49:09','2017-05-23 02:49:09'),(130,'自然：永續未來','2017-05-23 05:16:02','2017-05-23 05:16:02'),(131,'中文','2017-05-23 06:42:02','2017-05-23 06:42:02'),(132,'大一英文','2017-05-23 06:42:15','2017-05-23 06:42:15'),(133,'大二英文','2017-05-23 06:42:19','2017-05-23 06:42:19'),(134,'大一體育','2017-05-23 06:42:24','2017-05-23 06:42:24'),(135,'大二體育','2017-05-23 06:42:28','2017-05-23 06:42:28'),(137,'物件導向程式設計','2017-05-23 06:43:26','2017-05-23 06:43:26'),(138,'程式語言與編譯器','2017-05-23 06:43:29','2017-05-23 06:43:29'),(140,'計算機系統','2017-05-23 06:43:53','2017-05-23 06:43:53'),(141,'資料庫程式設計','2017-05-23 06:43:55','2017-05-23 06:43:55'),(146,'視覺化程式設計','2017-05-23 06:44:25','2017-05-23 06:44:25');
/*!40000 ALTER TABLE `course_bases` ENABLE KEYS */;
UNLOCK TABLES;

--
-- Table structure for table `course_professors`
--

DROP TABLE IF EXISTS `course_professors`;
/*!40101 SET @saved_cs_client     = @@character_set_client */;
/*!40101 SET character_set_client = utf8 */;
CREATE TABLE `course_professors` (
  `id` int(10) unsigned NOT NULL AUTO_INCREMENT,
  `course_id` int(10) unsigned NOT NULL,
  `user_id` int(10) unsigned NOT NULL,
  `created_at` timestamp NOT NULL DEFAULT CURRENT_TIMESTAMP,
  `updated_at` timestamp NULL DEFAULT NULL,
  PRIMARY KEY (`id`),
  KEY `course_id` (`course_id`),
  KEY `course_professors_ibfk_1` (`user_id`)
) ENGINE=InnoDB AUTO_INCREMENT=160 DEFAULT CHARSET=utf8mb4 COLLATE=utf8mb4_bin;
/*!40101 SET character_set_client = @saved_cs_client */;

--
-- Dumping data for table `course_professors`
--

LOCK TABLES `course_professors` WRITE;
/*!40000 ALTER TABLE `course_professors` DISABLE KEYS */;
INSERT INTO `course_professors` VALUES (45,16,2,'2017-04-02 11:49:42','2017-04-02 11:49:42'),(46,18,5,'2017-04-05 04:23:15','2017-04-05 04:23:15'),(47,20,4,'2017-04-05 07:56:26','2017-04-05 07:56:26'),(48,19,2,'2017-04-05 07:56:35','2017-04-05 07:56:35'),(49,17,2,'2017-04-06 08:13:10','2017-04-06 08:13:10'),(50,21,8,'2017-04-07 04:23:39','2017-04-07 04:23:39'),(51,23,10,'2017-04-07 04:23:39','2017-04-07 04:23:39'),(52,22,9,'2017-04-07 04:23:39','2017-04-07 04:23:39'),(53,24,11,'2017-04-07 04:23:39','2017-04-07 04:23:39'),(54,25,12,'2017-04-07 04:23:39','2017-04-07 04:23:39'),(55,26,13,'2017-04-07 04:23:39','2017-04-07 04:23:39'),(79,40,4,'2017-05-19 14:25:19','2017-05-19 14:25:19'),(80,44,61,'2017-05-20 03:05:47','2017-05-20 03:05:47'),(81,45,2,'2017-05-20 03:06:02','2017-05-20 03:06:02'),(82,46,66,'2017-05-22 05:41:55','2017-05-22 05:41:55'),(83,49,2,'2017-05-22 05:47:12','2017-05-22 05:47:12'),(84,52,14,'2017-05-22 05:52:39','2017-05-22 05:52:39'),(85,75,12,'2017-05-23 02:53:21','2017-05-23 02:53:21'),(86,78,8,'2017-05-23 02:53:27','2017-05-23 02:53:27'),(87,41,8,'2017-05-23 02:53:32','2017-05-23 02:53:32'),(88,72,64,'2017-05-23 02:53:37','2017-05-23 02:53:37'),(89,76,63,'2017-05-23 02:53:42','2017-05-23 02:53:42'),(90,74,61,'2017-05-23 02:53:46','2017-05-23 02:53:46'),(91,77,14,'2017-05-23 02:53:51','2017-05-23 02:53:51'),(92,78,66,'2017-05-23 02:53:57','2017-05-23 02:53:57'),(93,47,70,'2017-05-23 02:54:02','2017-05-23 02:54:02'),(94,79,76,'2017-05-23 05:55:29','2017-05-23 05:55:29'),(95,73,12,'2017-05-23 05:57:32','2017-05-23 05:57:32'),(96,80,76,'2017-05-23 05:59:20','2017-05-23 05:59:20'),(97,82,63,'2017-05-23 06:41:03','2017-05-23 06:41:03'),(98,90,4,'2017-05-23 06:41:13','2017-05-23 06:41:13'),(99,86,14,'2017-05-23 06:43:35','2017-05-23 06:43:35'),(100,83,9,'2017-05-23 06:58:10','2017-05-23 06:58:10'),(101,85,11,'2017-05-23 06:58:17','2017-05-23 06:58:17'),(102,87,15,'2017-05-23 06:58:24','2017-05-23 06:58:24'),(103,102,2,'2017-05-23 06:58:30','2017-05-23 06:58:30'),(104,89,14,'2017-05-23 06:58:31','2017-05-23 06:58:31'),(105,93,14,'2017-05-23 06:58:35','2017-05-23 06:58:35'),(106,94,62,'2017-05-23 06:58:42','2017-05-23 06:58:42'),(108,96,15,'2017-05-23 06:59:03','2017-05-23 06:59:03'),(109,97,69,'2017-05-23 06:59:09','2017-05-23 06:59:09'),(110,101,67,'2017-05-23 06:59:15','2017-05-23 06:59:15'),(112,99,4,'2017-05-23 08:03:22','2017-05-23 08:03:22'),(113,103,74,'2017-05-23 08:14:50','2017-05-23 08:14:50'),(114,105,72,'2017-05-23 08:16:58','2017-05-23 08:16:58'),(115,106,63,'2017-05-23 08:25:50','2017-05-23 08:25:50'),(116,107,14,'2017-05-23 08:28:48','2017-05-23 08:28:48'),(117,108,9,'2017-05-23 14:56:44','2017-05-23 14:56:44'),(118,32,12,'2017-05-23 15:25:40','2017-05-23 15:25:40'),(119,70,10,'2017-05-23 15:25:46','2017-05-23 15:25:46'),(120,27,10,'2017-05-23 15:25:50','2017-05-23 15:25:50'),(121,55,68,'2017-05-23 15:25:57','2017-05-23 15:25:57'),(122,69,69,'2017-05-23 15:26:02','2017-05-23 15:26:02'),(123,31,76,'2017-05-23 15:26:07','2017-05-23 15:26:07'),(124,30,66,'2017-05-23 15:26:12','2017-05-23 15:26:12'),(126,28,74,'2017-05-23 15:26:29','2017-05-23 15:26:29'),(127,67,65,'2017-05-23 15:26:34','2017-05-23 15:26:34'),(128,62,66,'2017-05-23 15:26:39','2017-05-23 15:26:39'),(129,29,70,'2017-05-23 15:26:49','2017-05-23 15:26:49'),(130,71,62,'2017-05-23 15:26:56','2017-05-23 15:26:56'),(131,58,14,'2017-05-23 15:27:08','2017-05-23 15:27:08'),(132,56,65,'2017-05-23 15:27:14','2017-05-23 15:27:14'),(133,64,64,'2017-05-23 15:27:22','2017-05-23 15:27:22'),(134,59,62,'2017-05-23 15:27:29','2017-05-23 15:27:29'),(135,42,68,'2017-05-23 15:27:35','2017-05-23 15:27:35'),(136,54,64,'2017-05-23 15:27:41','2017-05-23 15:27:41'),(137,68,73,'2017-05-23 15:27:48','2017-05-23 15:27:48'),(138,61,66,'2017-05-23 15:27:56','2017-05-23 15:27:56'),(139,65,74,'2017-05-23 15:28:03','2017-05-23 15:28:03'),(140,43,9,'2017-05-23 15:28:14','2017-05-23 15:28:14'),(141,109,13,'2017-05-23 15:47:29','2017-05-23 15:47:29'),(142,110,68,'2017-05-24 02:16:10','2017-05-24 02:16:10'),(143,111,76,'2017-05-24 02:16:21','2017-05-24 02:16:21'),(144,50,10,'2017-05-24 04:27:46','2017-05-24 04:27:46'),(145,116,64,'2017-05-24 04:27:51','2017-05-24 04:27:51'),(146,48,13,'2017-05-24 04:28:15','2017-05-24 04:28:15'),(147,114,15,'2017-05-24 04:28:20','2017-05-24 04:28:20'),(148,113,61,'2017-05-24 04:28:23','2017-05-24 04:28:23'),(149,115,75,'2017-05-24 04:28:28','2017-05-24 04:28:28'),(150,112,68,'2017-05-24 04:28:32','2017-05-24 04:28:32'),(151,19,9,'2017-05-24 04:28:36','2017-05-24 04:28:36'),(152,60,64,'2017-05-24 04:28:41','2017-05-24 04:28:41'),(153,51,14,'2017-05-24 04:28:45','2017-05-24 04:28:45'),(154,53,5,'2017-05-24 04:28:50','2017-05-24 04:28:50'),(155,117,71,'2017-05-24 04:32:22','2017-05-24 04:32:22'),(156,50,65,'2017-05-24 04:34:33','2017-05-24 04:34:33'),(157,116,66,'2017-05-24 04:34:36','2017-05-24 04:34:36'),(158,118,73,'2017-05-24 10:16:09','2017-05-24 10:16:09'),(159,95,11,'2017-05-24 13:34:56','2017-05-24 13:34:56');
/*!40000 ALTER TABLE `course_professors` ENABLE KEYS */;
UNLOCK TABLES;

--
-- Table structure for table `course_times`
--

DROP TABLE IF EXISTS `course_times`;
/*!40101 SET @saved_cs_client     = @@character_set_client */;
/*!40101 SET character_set_client = utf8 */;
CREATE TABLE `course_times` (
  `id` int(10) unsigned NOT NULL AUTO_INCREMENT,
  `course_id` int(10) unsigned NOT NULL,
  `day_id` int(10) unsigned NOT NULL,
  `period_id` int(10) unsigned NOT NULL,
  `created_at` timestamp NOT NULL DEFAULT CURRENT_TIMESTAMP,
  `updated_at` timestamp NULL DEFAULT NULL,
  PRIMARY KEY (`id`),
  KEY `course_id` (`course_id`),
  KEY `period_id` (`period_id`),
  KEY `day_id` (`day_id`)
) ENGINE=InnoDB AUTO_INCREMENT=346 DEFAULT CHARSET=utf8mb4 COLLATE=utf8mb4_bin;
/*!40101 SET character_set_client = @saved_cs_client */;

--
-- Dumping data for table `course_times`
--

LOCK TABLES `course_times` WRITE;
/*!40000 ALTER TABLE `course_times` DISABLE KEYS */;
INSERT INTO `course_times` VALUES (82,17,3,7,'2017-04-06 06:39:37','2017-05-18 08:22:22'),(83,17,3,8,'2017-04-06 06:39:37','2017-04-06 06:39:37'),(84,18,2,6,'2017-04-06 06:39:37','2017-04-06 06:39:37'),(85,18,2,7,'2017-04-06 06:39:37','2017-04-06 06:39:37'),(86,19,5,3,'2017-04-06 06:39:37','2017-04-06 06:39:37'),(87,19,5,4,'2017-04-06 06:39:37','2017-04-06 06:39:37'),(88,20,4,6,'2017-04-06 06:39:37','2017-04-06 06:39:37'),(89,20,4,7,'2017-04-06 06:39:37','2017-04-06 06:39:37'),(90,22,2,3,'2017-04-07 04:26:50','2017-04-07 04:26:50'),(91,22,2,4,'2017-04-07 04:26:50','2017-04-07 04:26:50'),(92,22,2,2,'2017-04-07 04:26:50','2017-04-07 04:26:50'),(93,23,4,7,'2017-04-07 04:26:50','2017-04-07 04:26:50'),(94,23,4,6,'2017-04-07 04:26:50','2017-04-07 04:26:50'),(95,24,5,5,'2017-04-07 04:26:50','2017-04-07 04:26:50'),(96,24,5,6,'2017-04-07 04:26:50','2017-04-07 04:26:50'),(97,25,3,6,'2017-04-07 04:26:50','2017-04-07 04:26:50'),(98,25,3,7,'2017-04-07 04:26:50','2017-04-07 04:26:50'),(99,26,2,6,'2017-04-07 04:26:50','2017-04-07 04:26:50'),(100,26,2,7,'2017-04-07 04:26:50','2017-04-07 04:26:50'),(102,18,1,3,'2017-04-13 07:27:10','2017-04-13 07:27:10'),(103,21,1,3,'2017-04-13 07:27:10','2017-04-13 07:27:10'),(104,21,1,4,'2017-04-13 07:27:47','2017-04-13 07:27:47'),(105,16,3,12,'2017-04-13 09:13:18','2017-04-13 09:13:18'),(106,16,3,13,'2017-04-13 09:13:18','2017-04-13 09:13:18'),(107,16,3,14,'2017-04-13 09:13:18','2017-04-13 09:13:18'),(185,40,1,2,'2017-05-19 14:25:53','2017-05-19 14:25:53'),(186,40,1,3,'2017-05-19 14:26:29','2017-05-19 14:26:29'),(187,40,1,4,'2017-05-19 14:26:40','2017-05-19 14:26:40'),(188,44,2,2,'2017-05-20 03:00:23','2017-05-20 03:00:23'),(189,44,2,3,'2017-05-20 03:00:38','2017-05-20 03:00:38'),(190,44,2,4,'2017-05-20 03:00:49','2017-05-20 03:00:49'),(192,45,5,2,'2017-05-20 03:01:58','2017-05-20 03:01:58'),(193,45,5,3,'2017-05-20 03:02:14','2017-05-20 03:02:14'),(194,45,5,4,'2017-05-20 03:02:22','2017-05-20 03:02:22'),(195,46,2,3,'2017-05-20 03:03:12','2017-05-20 03:03:12'),(198,46,2,4,'2017-05-20 03:04:10','2017-05-20 03:04:10'),(199,46,3,2,'2017-05-20 03:04:31','2017-05-20 03:04:31'),(200,79,1,7,'2017-05-23 05:09:18','2017-05-23 05:09:18'),(201,79,1,8,'2017-05-23 05:09:28','2017-05-23 05:09:28'),(202,79,1,9,'2017-05-23 05:09:40','2017-05-23 05:09:40'),(203,80,4,8,'2017-05-23 05:19:45','2017-05-23 05:19:45'),(204,80,4,9,'2017-05-23 05:20:03','2017-05-23 05:20:03'),(205,80,4,10,'2017-05-23 05:20:34','2017-05-23 05:20:34'),(206,72,1,10,'2017-05-23 06:03:51','2017-05-23 06:03:51'),(207,72,1,12,'2017-05-23 06:03:57','2017-05-23 06:03:57'),(208,72,1,11,'2017-05-23 06:04:05','2017-05-23 06:04:05'),(209,73,2,7,'2017-05-23 06:26:15','2017-05-23 06:26:15'),(210,73,2,8,'2017-05-23 06:26:23','2017-05-23 06:26:23'),(211,74,4,1,'2017-05-23 06:26:29','2017-05-23 06:26:29'),(212,74,4,2,'2017-05-23 06:26:35','2017-05-23 06:26:35'),(213,75,3,1,'2017-05-23 06:26:44','2017-05-23 06:26:44'),(214,75,3,2,'2017-05-23 06:26:53','2017-05-23 06:26:53'),(215,76,2,6,'2017-05-23 06:27:01','2017-05-23 06:27:01'),(216,76,2,5,'2017-05-23 06:27:09','2017-05-23 06:27:09'),(217,77,1,7,'2017-05-23 06:27:19','2017-05-23 06:27:19'),(218,77,1,8,'2017-05-23 06:27:26','2017-05-23 06:27:26'),(219,78,5,7,'2017-05-23 06:27:37','2017-05-23 06:27:37'),(220,78,5,8,'2017-05-23 06:27:47','2017-05-23 06:27:47'),(221,79,3,3,'2017-05-23 06:27:59','2017-05-23 06:28:16'),(222,79,3,4,'2017-05-23 06:28:08','2017-05-23 06:28:08'),(223,41,2,6,'2017-05-23 06:28:32','2017-05-23 06:28:32'),(224,41,2,7,'2017-05-23 06:28:38','2017-05-23 06:28:38'),(225,47,4,3,'2017-05-23 06:28:46','2017-05-23 06:28:46'),(226,47,4,4,'2017-05-23 06:28:54','2017-05-23 06:28:54'),(227,82,5,1,'2017-05-23 07:00:21','2017-05-23 07:00:21'),(228,82,5,2,'2017-05-23 07:00:27','2017-05-23 07:00:27'),(229,83,3,3,'2017-05-23 07:00:34','2017-05-23 07:00:34'),(230,83,3,4,'2017-05-23 07:00:41','2017-05-23 07:00:41'),(231,85,6,2,'2017-05-23 07:00:48','2017-05-23 07:00:48'),(232,85,6,1,'2017-05-23 07:00:54','2017-05-23 07:00:54'),(233,86,4,1,'2017-05-23 07:01:02','2017-05-23 07:01:02'),(234,86,4,2,'2017-05-23 07:01:10','2017-05-23 07:01:10'),(235,87,3,1,'2017-05-23 07:01:17','2017-05-23 07:01:17'),(236,87,3,2,'2017-05-23 07:01:24','2017-05-23 07:01:24'),(237,82,4,1,'2017-05-23 07:01:29','2017-05-23 07:01:29'),(238,89,4,2,'2017-05-23 07:01:36','2017-05-23 07:01:36'),(239,93,2,12,'2017-05-23 07:01:42','2017-05-23 07:01:42'),(240,94,2,11,'2017-05-23 07:01:49','2017-05-23 07:01:49'),(243,97,3,1,'2017-05-23 07:02:20','2017-05-23 07:02:20'),(244,97,3,2,'2017-05-23 07:02:29','2017-05-23 07:02:29'),(245,101,2,5,'2017-05-23 07:02:36','2017-05-23 07:02:36'),(246,101,2,4,'2017-05-23 07:02:44','2017-05-23 07:02:44'),(247,102,5,1,'2017-05-23 07:02:52','2017-05-23 07:02:52'),(248,102,5,2,'2017-05-23 07:03:00','2017-05-23 07:03:00'),(249,96,2,9,'2017-05-23 07:06:01','2017-05-23 07:10:59'),(250,96,2,10,'2017-05-23 07:06:08','2017-05-23 07:11:04'),(251,93,2,11,'2017-05-23 07:07:07','2017-05-23 07:07:07'),(252,94,2,12,'2017-05-23 07:07:15','2017-05-23 07:07:15'),(253,99,3,11,'2017-05-23 08:03:41','2017-05-23 08:03:41'),(254,103,2,6,'2017-05-23 08:15:18','2017-05-23 08:15:18'),(255,105,1,6,'2017-05-23 08:17:26','2017-05-23 08:17:26'),(256,106,1,12,'2017-05-23 08:26:08','2017-05-23 08:26:08'),(257,107,4,8,'2017-05-23 08:29:14','2017-05-23 08:29:14'),(258,108,2,3,'2017-05-23 14:56:59','2017-05-23 15:05:30'),(259,108,2,4,'2017-05-23 14:57:06','2017-05-23 14:57:06'),(260,106,1,11,'2017-05-23 14:57:16','2017-05-23 14:57:16'),(261,105,1,5,'2017-05-23 14:57:27','2017-05-23 14:57:27'),(262,99,3,10,'2017-05-23 14:57:40','2017-05-23 14:57:40'),(263,107,4,7,'2017-05-23 14:57:51','2017-05-23 14:57:51'),(264,103,2,5,'2017-05-23 14:58:03','2017-05-23 14:58:03'),(265,43,3,3,'2017-05-24 01:00:09','2017-05-25 10:02:10'),(266,43,3,4,'2017-05-24 01:00:15','2017-05-25 10:02:15'),(267,65,4,4,'2017-05-24 01:00:22','2017-05-24 01:00:22'),(268,65,4,3,'2017-05-24 01:00:30','2017-05-24 01:00:30'),(269,61,5,1,'2017-05-24 01:00:41','2017-05-24 01:00:41'),(270,61,5,2,'2017-05-24 01:00:48','2017-05-24 01:00:48'),(271,68,2,6,'2017-05-24 01:00:56','2017-05-24 01:00:56'),(272,68,2,7,'2017-05-24 01:01:05','2017-05-24 01:01:05'),(273,49,3,3,'2017-05-24 01:01:14','2017-05-24 01:01:14'),(274,49,3,4,'2017-05-24 01:01:21','2017-05-24 01:01:21'),(275,54,4,3,'2017-05-24 01:01:29','2017-05-24 01:01:29'),(277,42,2,10,'2017-05-24 01:01:46','2017-05-24 01:01:46'),(278,59,2,5,'2017-05-24 01:02:09','2017-05-24 01:02:09'),(279,59,2,4,'2017-05-24 01:02:20','2017-05-24 01:02:20'),(280,64,3,7,'2017-05-24 01:02:28','2017-05-24 01:02:28'),(281,64,3,8,'2017-05-24 01:02:36','2017-05-24 01:02:36'),(282,52,4,5,'2017-05-24 01:02:45','2017-05-24 01:02:45'),(283,52,4,4,'2017-05-24 01:02:54','2017-05-24 01:02:54'),(284,56,1,1,'2017-05-24 01:03:00','2017-05-24 01:03:00'),(285,56,1,2,'2017-05-24 01:03:07','2017-05-24 01:03:07'),(286,58,1,7,'2017-05-24 01:03:14','2017-05-24 01:03:14'),(287,58,1,8,'2017-05-24 01:03:21','2017-05-24 01:03:21'),(288,71,4,1,'2017-05-24 01:03:31','2017-05-24 01:03:31'),(289,71,4,2,'2017-05-24 01:03:39','2017-05-24 01:03:39'),(290,29,3,1,'2017-05-24 01:03:45','2017-05-24 01:03:45'),(291,29,3,2,'2017-05-24 01:03:54','2017-05-24 01:03:54'),(292,62,5,3,'2017-05-24 01:04:06','2017-05-24 01:04:06'),(293,62,5,4,'2017-05-24 01:04:13','2017-05-24 01:04:13'),(294,67,2,4,'2017-05-24 01:04:21','2017-05-24 01:04:21'),(295,67,2,3,'2017-05-24 01:04:28','2017-05-24 01:04:28'),(296,28,4,9,'2017-05-24 01:04:35','2017-05-24 01:04:35'),(297,28,4,8,'2017-05-24 01:04:42','2017-05-24 01:04:42'),(300,30,6,1,'2017-05-24 01:05:03','2017-05-24 01:05:03'),(301,30,6,2,'2017-05-24 01:05:11','2017-05-24 01:05:11'),(302,31,6,3,'2017-05-24 01:05:22','2017-05-24 01:05:22'),(303,31,6,4,'2017-05-24 01:05:29','2017-05-24 01:05:29'),(304,69,3,3,'2017-05-24 01:05:37','2017-05-24 01:05:37'),(305,69,3,4,'2017-05-24 01:05:45','2017-05-24 01:05:45'),(306,55,3,6,'2017-05-24 01:05:52','2017-05-24 01:05:52'),(307,55,3,7,'2017-05-24 01:06:00','2017-05-24 01:06:00'),(308,27,5,1,'2017-05-24 01:06:07','2017-05-24 01:06:07'),(309,27,5,2,'2017-05-24 01:06:17','2017-05-24 01:06:17'),(310,70,4,12,'2017-05-24 01:06:26','2017-05-24 01:06:26'),(311,70,4,13,'2017-05-24 01:06:39','2017-05-24 01:06:39'),(312,32,3,3,'2017-05-24 01:06:46','2017-05-24 01:06:46'),(313,32,3,4,'2017-05-24 01:06:52','2017-05-24 01:06:52'),(314,109,5,12,'2017-05-24 01:06:59','2017-05-24 01:06:59'),(315,109,5,11,'2017-05-24 01:07:07','2017-05-24 01:07:07'),(316,110,1,14,'2017-05-24 02:16:48','2017-05-24 02:16:48'),(317,111,2,12,'2017-05-24 02:17:20','2017-05-24 02:17:20'),(318,53,1,4,'2017-05-24 04:30:11','2017-05-24 04:30:11'),(319,53,1,5,'2017-05-24 04:30:20','2017-05-24 04:30:20'),(320,60,2,3,'2017-05-24 04:31:18','2017-05-24 04:31:18'),(321,60,2,4,'2017-05-24 04:31:27','2017-05-24 04:31:27'),(322,50,2,5,'2017-05-24 04:32:37','2017-05-24 04:33:51'),(323,50,2,6,'2017-05-24 04:32:41','2017-05-24 04:33:57'),(324,116,4,1,'2017-05-24 04:32:45','2017-05-24 04:32:45'),(325,116,4,2,'2017-05-24 04:32:50','2017-05-24 04:32:50'),(326,117,3,1,'2017-05-24 04:32:55','2017-05-24 04:32:55'),(327,117,3,2,'2017-05-24 04:33:01','2017-05-24 04:33:01'),(328,48,2,6,'2017-05-24 04:33:06','2017-05-24 04:33:06'),(330,48,2,5,'2017-05-24 04:33:12','2017-05-24 04:33:12'),(331,114,5,1,'2017-05-24 04:33:17','2017-05-24 04:33:17'),(332,114,5,2,'2017-05-24 04:33:31','2017-05-24 04:33:31'),(333,113,3,3,'2017-05-24 04:33:35','2017-05-24 04:44:55'),(334,113,3,4,'2017-05-24 04:33:41','2017-05-24 04:45:07'),(335,115,5,9,'2017-05-24 04:33:48','2017-05-24 04:33:48'),(336,115,5,10,'2017-05-24 04:33:55','2017-05-24 04:33:55'),(337,112,2,8,'2017-05-24 04:34:01','2017-05-24 04:42:58'),(338,112,2,9,'2017-05-24 04:34:08','2017-05-24 04:43:03'),(339,51,1,9,'2017-05-24 04:34:18','2017-05-24 04:34:18'),(341,51,1,8,'2017-05-24 04:34:21','2017-05-24 04:34:21'),(342,118,6,5,'2017-05-24 10:16:24','2017-05-24 10:16:24'),(343,118,6,6,'2017-05-24 10:16:33','2017-05-24 10:16:33'),(344,95,3,3,'2017-05-24 13:35:04','2017-05-24 13:35:04'),(345,95,3,4,'2017-05-24 13:35:11','2017-05-24 13:35:11');
/*!40000 ALTER TABLE `course_times` ENABLE KEYS */;
UNLOCK TABLES;

--
-- Table structure for table `course_types`
--

DROP TABLE IF EXISTS `course_types`;
/*!40101 SET @saved_cs_client     = @@character_set_client */;
/*!40101 SET character_set_client = utf8 */;
CREATE TABLE `course_types` (
  `id` int(10) unsigned NOT NULL AUTO_INCREMENT,
  `course_id` int(10) unsigned NOT NULL,
  `type_id` int(10) unsigned NOT NULL,
  `unit_id` int(10) unsigned NOT NULL,
  `created_at` timestamp NOT NULL DEFAULT CURRENT_TIMESTAMP,
  `updated_at` timestamp NULL DEFAULT NULL,
  PRIMARY KEY (`id`),
  KEY `course_id` (`course_id`),
  KEY `unit_id` (`unit_id`),
  KEY `type_id` (`type_id`)
) ENGINE=InnoDB AUTO_INCREMENT=185 DEFAULT CHARSET=utf8mb4 COLLATE=utf8mb4_bin;
/*!40101 SET character_set_client = @saved_cs_client */;

--
-- Dumping data for table `course_types`
--

LOCK TABLES `course_types` WRITE;
/*!40000 ALTER TABLE `course_types` DISABLE KEYS */;
INSERT INTO `course_types` VALUES (36,16,8,9,'2017-04-02 11:48:21','2017-04-02 11:48:21'),(38,21,8,11,'2017-04-07 04:30:01','2017-04-07 04:30:01'),(39,21,9,2,'2017-04-07 04:30:01','2017-04-07 04:30:01'),(40,22,8,11,'2017-04-07 04:30:01','2017-04-07 04:30:01'),(41,22,9,2,'2017-04-07 04:30:01','2017-04-07 04:30:01'),(42,23,8,11,'2017-04-07 04:32:46','2017-04-07 04:32:46'),(43,23,9,2,'2017-04-07 04:32:46','2017-04-07 04:32:46'),(44,24,8,11,'2017-04-07 04:32:46','2017-04-07 04:32:46'),(45,24,9,2,'2017-04-07 04:32:46','2017-04-07 04:32:46'),(46,25,9,2,'2017-04-07 04:32:46','2017-04-07 04:32:46'),(47,25,8,10,'2017-04-07 04:32:46','2017-04-07 04:32:46'),(48,26,8,11,'2017-04-07 04:32:46','2017-04-07 04:32:46'),(49,26,9,2,'2017-04-07 04:32:46','2017-04-07 04:32:46'),(50,17,9,11,'2017-04-13 09:11:01','2017-04-13 09:11:01'),(51,17,9,2,'2017-04-13 09:11:01','2017-04-13 09:11:01'),(52,18,8,9,'2017-04-13 09:11:30','2017-04-13 09:11:30'),(53,18,9,2,'2017-04-13 09:11:30','2017-04-13 09:11:30'),(54,19,8,9,'2017-04-13 09:12:04','2017-04-13 09:12:04'),(55,19,9,2,'2017-04-13 09:12:04','2017-04-13 09:12:04'),(56,20,8,9,'2017-04-13 09:12:04','2017-04-13 09:12:04'),(57,20,9,2,'2017-04-13 09:12:04','2017-04-13 09:12:04'),(59,16,9,2,'2017-04-13 09:12:34','2017-05-18 08:49:02'),(66,40,8,9,'2017-05-19 14:28:19','2017-05-19 14:28:19'),(67,44,8,9,'2017-05-20 03:07:40','2017-05-20 03:07:40'),(68,46,8,9,'2017-05-20 03:07:56','2017-05-20 03:07:56'),(69,45,8,1,'2017-05-22 05:42:41','2017-05-22 05:42:41'),(70,79,4,2,'2017-05-23 05:10:01','2017-05-25 03:48:58'),(71,80,4,2,'2017-05-23 05:21:19','2017-05-25 03:49:03'),(72,72,3,2,'2017-05-23 06:13:19','2017-05-25 03:49:07'),(73,73,3,2,'2017-05-23 06:13:27','2017-05-25 03:49:11'),(74,74,3,2,'2017-05-23 06:13:40','2017-05-25 03:49:16'),(75,75,5,2,'2017-05-23 06:18:38','2017-05-25 03:49:19'),(77,76,5,2,'2017-05-23 06:19:11','2017-05-25 03:49:23'),(78,41,9,2,'2017-05-23 06:24:49','2017-05-23 06:24:49'),(79,47,8,8,'2017-05-23 06:25:01','2017-05-23 06:25:01'),(80,47,9,2,'2017-05-23 06:25:11','2017-05-23 06:25:11'),(81,77,4,2,'2017-05-23 06:25:33','2017-05-25 03:49:30'),(82,78,4,2,'2017-05-23 06:25:43','2017-05-25 03:49:36'),(83,82,8,9,'2017-05-23 07:00:15','2017-05-23 07:00:15'),(84,102,8,9,'2017-05-23 07:00:29','2017-05-23 07:00:29'),(85,89,8,9,'2017-05-23 07:00:57','2017-05-23 07:00:57'),(86,101,8,9,'2017-05-23 07:01:16','2017-05-23 07:01:16'),(87,93,8,2,'2017-05-23 07:01:26','2017-05-25 03:49:50'),(88,96,8,2,'2017-05-23 07:01:38','2017-05-25 03:49:44'),(90,94,10,2,'2017-05-23 07:03:28','2017-05-23 07:03:28'),(91,97,10,2,'2017-05-23 07:03:40','2017-05-23 07:03:40'),(93,85,8,8,'2017-05-23 07:04:05','2017-05-23 07:04:05'),(94,83,7,9,'2017-05-23 07:04:14','2017-05-23 07:04:14'),(95,86,8,9,'2017-05-23 07:04:28','2017-05-23 07:04:28'),(96,85,8,9,'2017-05-23 07:06:25','2017-05-23 07:06:25'),(97,87,8,9,'2017-05-23 07:06:35','2017-05-23 07:06:35'),(100,99,8,9,'2017-05-23 08:12:18','2017-05-23 08:12:18'),(101,103,8,2,'2017-05-23 08:15:34','2017-05-23 08:15:34'),(102,105,8,2,'2017-05-23 08:18:27','2017-05-23 08:18:27'),(103,106,8,9,'2017-05-23 08:26:22','2017-05-23 08:26:22'),(104,107,8,9,'2017-05-23 08:29:40','2017-05-23 08:29:40'),(105,32,8,14,'2017-05-23 15:28:58','2017-05-23 15:28:58'),(106,32,9,2,'2017-05-23 15:29:06','2017-05-23 15:29:06'),(107,45,8,9,'2017-05-23 15:29:20','2017-05-23 15:29:20'),(108,45,9,2,'2017-05-23 15:29:27','2017-05-23 15:29:27'),(109,70,9,2,'2017-05-23 15:29:54','2017-05-23 15:29:54'),(110,27,9,2,'2017-05-23 15:30:00','2017-05-23 15:30:00'),(111,55,9,2,'2017-05-23 15:30:09','2017-05-23 15:30:09'),(112,55,8,9,'2017-05-23 15:30:17','2017-05-23 15:30:17'),(113,69,9,2,'2017-05-23 15:30:24','2017-05-23 15:30:24'),(114,31,9,2,'2017-05-23 15:30:34','2017-05-23 15:30:34'),(115,30,9,2,'2017-05-23 15:30:41','2017-05-23 15:30:41'),(118,28,9,2,'2017-05-23 15:31:12','2017-05-23 15:31:12'),(119,67,9,2,'2017-05-23 15:31:22','2017-05-23 15:31:22'),(120,67,8,9,'2017-05-23 15:31:29','2017-05-23 15:31:29'),(121,62,8,9,'2017-05-23 15:31:39','2017-05-23 15:31:39'),(122,62,9,2,'2017-05-23 15:31:44','2017-05-23 15:31:44'),(123,29,9,2,'2017-05-23 15:31:59','2017-05-23 15:31:59'),(124,71,9,2,'2017-05-23 15:32:04','2017-05-23 15:32:04'),(125,58,8,9,'2017-05-23 15:32:13','2017-05-23 15:32:13'),(126,58,9,2,'2017-05-23 15:32:28','2017-05-23 15:32:28'),(127,56,8,9,'2017-05-23 15:32:36','2017-05-23 15:32:36'),(128,56,9,2,'2017-05-23 15:32:45','2017-05-23 15:32:45'),(129,52,8,9,'2017-05-23 15:32:53','2017-05-23 15:32:53'),(130,52,9,2,'2017-05-23 15:33:00','2017-05-23 15:33:00'),(131,64,9,2,'2017-05-23 15:33:08','2017-05-23 15:33:08'),(132,59,8,9,'2017-05-23 15:33:22','2017-05-23 15:33:22'),(133,42,9,2,'2017-05-23 15:33:30','2017-05-23 15:33:30'),(134,59,9,2,'2017-05-23 15:33:36','2017-05-23 15:33:36'),(136,54,9,2,'2017-05-23 15:33:49','2017-05-23 15:33:49'),(137,54,8,9,'2017-05-23 15:33:59','2017-05-23 15:33:59'),(138,49,8,9,'2017-05-23 15:34:09','2017-05-23 15:34:09'),(139,49,9,2,'2017-05-23 15:34:15','2017-05-23 15:34:15'),(140,68,8,9,'2017-05-23 15:34:26','2017-05-23 15:34:26'),(141,61,8,9,'2017-05-23 15:34:38','2017-05-23 15:34:43'),(142,68,11,2,'2017-05-23 15:36:35','2017-05-23 15:36:35'),(143,61,9,2,'2017-05-23 15:36:49','2017-05-23 15:36:49'),(144,65,8,9,'2017-05-23 15:37:00','2017-05-23 15:37:00'),(145,65,9,2,'2017-05-23 15:37:08','2017-05-23 15:37:08'),(146,43,11,2,'2017-05-23 15:37:14','2017-05-23 15:37:14'),(147,43,8,9,'2017-05-23 15:37:22','2017-05-23 15:37:22'),(148,44,9,9,'2017-05-23 15:37:29','2017-05-23 15:37:29'),(149,44,11,2,'2017-05-23 15:37:38','2017-05-23 15:37:38'),(150,46,11,2,'2017-05-23 15:39:05','2017-05-23 15:39:05'),(151,109,8,9,'2017-05-23 15:47:14','2017-05-23 15:47:14'),(152,109,9,2,'2017-05-23 15:47:21','2017-05-23 15:47:21'),(153,110,8,2,'2017-05-24 02:17:51','2017-05-24 02:17:51'),(154,111,8,2,'2017-05-24 02:18:01','2017-05-24 02:18:01'),(155,50,9,2,'2017-05-24 04:34:47','2017-05-24 04:34:47'),(156,50,8,9,'2017-05-24 04:34:52','2017-05-24 04:34:52'),(157,116,8,2,'2017-05-24 04:34:57','2017-05-24 04:34:57'),(158,117,8,2,'2017-05-24 04:35:01','2017-05-24 04:35:01'),(159,48,8,9,'2017-05-24 04:35:08','2017-05-24 04:35:08'),(160,48,11,2,'2017-05-24 04:35:14','2017-05-25 03:25:36'),(162,114,8,9,'2017-05-24 04:35:33','2017-05-24 04:35:33'),(163,114,11,2,'2017-05-24 04:35:40','2017-05-24 04:35:40'),(164,113,9,2,'2017-05-24 04:35:47','2017-05-24 04:35:47'),(165,113,8,9,'2017-05-24 04:35:53','2017-05-24 04:35:53'),(166,51,8,9,'2017-05-24 04:36:00','2017-05-24 04:36:00'),(167,115,7,9,'2017-05-24 04:36:03','2017-05-24 04:36:03'),(168,112,9,2,'2017-05-24 04:36:14','2017-05-24 04:36:14'),(169,51,9,2,'2017-05-24 04:36:21','2017-05-24 04:36:21'),(170,115,9,2,'2017-05-24 04:36:23','2017-05-24 04:36:23'),(171,112,8,9,'2017-05-24 04:36:37','2017-05-24 04:36:37'),(172,112,11,2,'2017-05-24 04:36:41','2017-05-24 04:36:41'),(173,60,8,9,'2017-05-24 04:36:48','2017-05-24 04:36:48'),(175,60,9,2,'2017-05-24 04:36:55','2017-05-24 04:36:55'),(177,53,7,9,'2017-05-24 04:37:07','2017-05-24 04:37:45'),(180,53,11,2,'2017-05-24 04:37:26','2017-05-24 04:37:26'),(181,118,3,2,'2017-05-24 10:16:47','2017-05-24 10:16:47'),(182,108,9,2,'2017-05-24 13:32:52','2017-05-24 13:32:52'),(184,95,8,2,'2017-05-24 13:35:21','2017-05-25 03:50:02');
/*!40000 ALTER TABLE `course_types` ENABLE KEYS */;
UNLOCK TABLES;

--
-- Table structure for table `courses`
--

DROP TABLE IF EXISTS `courses`;
/*!40101 SET @saved_cs_client     = @@character_set_client */;
/*!40101 SET character_set_client = utf8 */;
CREATE TABLE `courses` (
  `id` int(10) unsigned NOT NULL AUTO_INCREMENT,
  `name` varchar(255) COLLATE utf8mb4_bin NOT NULL,
  `course_base_id` int(10) unsigned NOT NULL,
  `unit_id` int(10) unsigned NOT NULL,
  `classroom_id` int(10) unsigned NOT NULL,
  `credit` int(10) unsigned NOT NULL,
  `language` varchar(255) COLLATE utf8mb4_bin NOT NULL DEFAULT '中文',
  `year` year(4) NOT NULL,
  `semester` int(1) NOT NULL,
  `enrollment_remain` int(10) unsigned NOT NULL DEFAULT '0',
  `enrollment_max` int(10) unsigned NOT NULL,
  `enroll` int(1) NOT NULL DEFAULT '1',
  `created_at` timestamp NOT NULL DEFAULT CURRENT_TIMESTAMP,
  `updated_at` timestamp NULL DEFAULT NULL,
  `deleted_at` timestamp NULL DEFAULT NULL,
  PRIMARY KEY (`id`),
  KEY `credit` (`credit`),
  KEY `language` (`language`),
  KEY `enrollment_can` (`enroll`),
  KEY `courses_ibfk_1` (`course_base_id`),
  KEY `courses_ibfk_2` (`unit_id`),
  KEY `courses_ibfk_3` (`classroom_id`)
) ENGINE=InnoDB AUTO_INCREMENT=119 DEFAULT CHARSET=utf8mb4 COLLATE=utf8mb4_bin;
/*!40101 SET character_set_client = @saved_cs_client */;

--
-- Dumping data for table `courses`
--

LOCK TABLES `courses` WRITE;
/*!40000 ALTER TABLE `courses` DISABLE KEYS */;
INSERT INTO `courses` VALUES (16,'作業系統',14,9,17,3,'中文',2016,1,45,65,1,'2017-04-02 11:35:18','2017-05-23 06:34:23',NULL),(17,'生命與生活',13,10,16,2,'中文',2017,1,15,20,1,'2017-04-02 11:56:42','2017-05-22 06:45:28',NULL),(18,'計算機組織',11,9,19,3,'英文',2016,1,58,60,1,'2017-04-02 14:56:01','2017-05-23 06:34:23',NULL),(19,'線性代數',10,8,17,3,'中文',2017,2,0,50,0,'2017-04-02 14:57:25','2017-05-09 00:56:43',NULL),(20,'高等微積分',17,8,19,3,'中文',2016,1,49,50,1,'2017-04-02 16:05:52','2017-05-22 06:45:30',NULL),(21,'文學概論',18,10,26,2,'中文',2016,2,49,50,1,'2017-04-07 04:16:07','2017-05-22 05:58:36',NULL),(22,'中國文學史',19,11,25,3,'中文',2016,2,59,60,1,'2017-04-07 04:18:35','2017-05-22 05:45:53',NULL),(23,'詩選及習作',20,11,25,2,'中文',2016,2,40,40,1,'2017-04-07 04:18:35','2017-05-20 14:58:19',NULL),(24,'文字學',21,12,19,2,'中文',2016,2,50,50,1,'2017-04-07 04:18:35','2017-05-23 08:03:12',NULL),(25,'聲韻學',22,11,22,2,'中文',2016,1,45,45,1,'2017-04-07 04:20:21','2017-05-20 14:58:29',NULL),(26,'歷代文選及習作',23,11,24,2,'中文',2016,1,44,45,1,'2017-04-07 04:20:21','2017-05-23 06:34:23',NULL),(27,'史記',24,12,23,2,'英文',2017,1,30,30,1,'2017-05-07 23:16:18','2017-05-20 14:58:38',NULL),(28,'清史',25,12,26,3,'英文',2017,1,32,32,1,'2017-05-07 23:20:24','2017-05-20 14:58:41',NULL),(29,'物理化學',32,15,23,3,'英文',2017,1,48,48,1,'2017-05-08 00:52:18','2017-05-20 14:58:45',NULL),(30,'有機化學實驗',31,15,25,3,'英文',2017,1,44,44,1,'2017-05-08 00:52:40','2017-05-20 14:58:49',NULL),(31,'普通化學',30,15,22,3,'中文',2017,1,30,30,1,'2017-05-08 00:53:07','2017-05-20 14:58:53',NULL),(32,'儀器分析實驗',34,15,22,3,'英文',2017,1,30,30,1,'2017-05-08 00:53:26','2017-05-20 14:58:57',NULL),(40,'電子電路學實驗',91,9,19,1,'中文',2017,1,50,50,1,'2017-05-19 14:21:08','2017-05-19 15:19:34','2017-05-19 15:19:34'),(41,'創業方法論',88,8,16,3,'中文',2016,1,49,50,1,'2017-05-19 14:35:35','2017-05-23 06:34:23',NULL),(42,'計算機概論',89,9,38,3,'中文',2017,1,50,50,1,'2017-05-19 15:03:52','2017-05-20 14:59:05',NULL),(43,'電子電路學',90,9,35,3,'中文',2017,1,49,50,1,'2017-05-19 15:08:10','2017-05-24 02:12:19',NULL),(44,'電子電路學實驗',91,9,43,1,'英文',2017,1,58,60,1,'2017-05-19 15:09:12','2017-05-24 02:12:19',NULL),(45,'C程式設計與實作',92,9,41,3,'中文',2017,1,60,60,1,'2017-05-19 15:10:59','2017-05-19 15:10:59',NULL),(46,'普通物理',93,8,42,2,'英文',2017,1,30,30,1,'2017-05-19 15:12:36','2017-05-20 14:59:24',NULL),(47,'專題實作',94,9,35,2,'中文',2016,1,50,50,1,'2017-05-19 15:13:48','2017-05-19 15:13:48',NULL),(48,'專題研究',109,9,35,2,'中文',2017,2,49,50,1,'2017-05-19 15:14:25','2017-05-24 04:06:33',NULL),(49,'資料庫',95,9,39,3,'中文',2017,1,50,50,1,'2017-05-19 15:16:11','2017-05-19 15:16:11',NULL),(50,'JAVA程式設計',96,9,40,3,'中文',2017,2,60,60,1,'2017-05-19 15:16:35','2017-05-24 04:06:52',NULL),(51,'邏輯設計',97,9,36,3,'中文',2017,2,57,58,1,'2017-05-19 15:17:21','2017-05-24 04:39:54',NULL),(52,'系統程式與組合語言',98,9,36,3,'中文',2017,1,60,60,1,'2017-05-19 15:18:20','2017-05-19 15:18:20',NULL),(53,'邏輯設計實驗',99,9,43,1,'中文',2017,2,59,60,1,'2017-05-19 15:18:44','2017-05-24 04:39:54',NULL),(54,'計算機網路',100,9,22,3,'中文',2017,1,60,60,1,'2017-05-19 15:20:28','2017-05-19 15:20:28',NULL),(55,'嵌入式系統導論',101,9,26,3,'中文',2017,1,40,40,1,'2017-05-19 15:20:55','2017-05-19 15:20:55',NULL),(56,'程式語言',102,9,17,3,'中文',2017,1,50,50,1,'2017-05-19 15:21:27','2017-05-19 15:21:27',NULL),(57,'機率統計',103,9,36,3,'中文',2017,1,50,50,1,'2017-05-19 15:21:49','2017-05-23 15:28:36','2017-05-23 15:28:36'),(58,'科技英文閱讀寫作',104,9,35,2,'英文',2017,1,50,50,1,'2017-05-19 15:22:13','2017-05-19 15:22:13',NULL),(59,'編譯器',105,9,39,3,'中文',2017,1,60,60,1,'2017-05-19 15:22:42','2017-05-19 15:22:42',NULL),(60,'進階資料結構',106,9,41,3,'中文',2017,2,69,70,1,'2017-05-19 15:23:21','2017-05-24 04:39:54',NULL),(61,'軟體工程',107,9,42,3,'中文',2017,1,55,55,1,'2017-05-19 15:23:50','2017-05-19 15:23:50',NULL),(62,'物件導向程設計',108,9,38,3,'英文',2017,1,40,40,1,'2017-05-19 15:24:16','2017-05-19 15:24:16',NULL),(63,'專題研究',109,9,35,2,'中文',2017,2,39,40,1,'2017-05-19 15:24:57','2017-05-24 04:28:09','2017-05-24 04:28:09'),(64,'網際網路創新應用',110,9,41,3,'中文',2017,1,55,55,1,'2017-05-19 15:25:31','2017-05-19 15:25:31',NULL),(65,'離散數學',8,9,36,3,'中文',2017,1,51,53,1,'2017-05-19 15:27:20','2017-05-24 02:12:19',NULL),(67,'演算法',12,9,42,3,'中文',2017,1,50,50,1,'2017-05-19 15:28:58','2017-05-19 15:28:58',NULL),(68,'資料結構',15,9,39,3,'中文',2017,1,48,50,1,'2017-05-19 15:29:46','2017-05-24 02:12:19',NULL),(69,'戲劇賞析',28,10,22,2,'中文',2017,1,70,70,1,'2017-05-19 15:31:25','2017-05-19 15:31:25',NULL),(70,'劇本寫作',29,10,22,2,'中文',2017,1,80,80,1,'2017-05-19 15:31:56','2017-05-19 15:31:56',NULL),(71,'物理化學實驗',33,15,44,1,'中文',2017,1,55,55,1,'2017-05-19 15:33:59','2017-05-19 15:33:59',NULL),(72,'人文：基督教倫理',112,20,16,3,'中文',2016,1,29,30,1,'2017-05-23 02:51:41','2017-05-23 06:34:23',NULL),(73,'人文：宋詞賞析',114,20,16,3,'中文',2016,1,30,30,1,'2017-05-23 02:51:54','2017-05-23 06:00:22',NULL),(74,'人文：英詩賞析',115,20,16,3,'中文',2016,1,29,30,1,'2017-05-23 02:52:12','2017-05-23 06:34:23',NULL),(75,'社會：中國製造的背後',128,20,16,3,'中文',2016,1,29,30,1,'2017-05-23 02:52:30','2017-05-23 06:34:23',NULL),(76,'社會：女性與台灣社會',126,20,16,3,'中文',2016,1,30,30,1,'2017-05-23 02:52:48','2017-05-23 06:00:36',NULL),(77,'自然：營養與保健',119,20,16,3,'中文',2016,1,30,30,1,'2017-05-23 02:53:01','2017-05-23 06:00:56',NULL),(78,'自然：生活中的物理實驗',118,20,16,3,'中文',2016,1,28,30,1,'2017-05-23 02:53:15','2017-05-23 07:04:52',NULL),(79,'自然：自然科學概論',117,20,16,3,'中文',2016,1,90,90,1,'2017-05-23 05:04:00','2017-05-23 06:00:50',NULL),(80,'自然：永續未來',130,20,36,3,'英文',2016,1,49,50,1,'2017-05-23 05:17:56','2017-05-23 06:34:23',NULL),(82,'C程式設計與實作',92,9,16,3,'中文',2016,1,30,30,1,'2017-05-23 06:36:59','2017-05-23 06:36:59',NULL),(83,'JAVA程式設計',96,8,16,3,'中文',2016,1,30,30,1,'2017-05-23 06:37:08','2017-05-23 06:37:08',NULL),(84,'微積分(二）',16,9,16,3,'中文',2016,2,40,40,1,'2017-05-23 06:37:16','2017-05-23 07:26:21','2017-05-23 07:26:21'),(85,'資料結構',15,8,16,3,'中文',2016,1,30,30,1,'2017-05-23 06:37:24','2017-05-23 06:37:24',NULL),(86,'邏輯設計',97,8,17,3,'中文',2016,1,30,30,1,'2017-05-23 06:37:35','2017-05-23 06:43:08',NULL),(87,'電子電路學',90,8,16,3,'中文',2016,1,30,30,1,'2017-05-23 06:37:43','2017-05-23 06:37:43',NULL),(88,'計算機概論',89,8,16,3,'中文',2016,1,30,30,1,'2017-05-23 06:37:52','2017-05-23 06:57:37','2017-05-23 06:57:37'),(89,'計算機概論',89,9,38,3,'中文',2016,1,28,30,1,'2017-05-23 06:39:34','2017-05-23 07:09:14',NULL),(90,'微積分(ㄧ)',16,9,37,3,'中文',2016,2,40,40,1,'2017-05-23 06:40:27','2017-05-23 07:26:31','2017-05-23 07:26:31'),(91,'視覺化程式設計',146,8,38,3,'中文',2016,2,30,30,1,'2017-05-23 06:45:08','2017-05-23 08:02:38','2017-05-23 08:02:38'),(92,'微積分(二)',16,8,16,3,'中文',2016,2,40,40,1,'2017-05-23 06:45:38','2017-05-23 07:26:29','2017-05-23 07:26:29'),(93,'大一英文上',132,21,16,3,'英文',2016,1,28,30,1,'2017-05-23 06:45:39','2017-05-24 07:01:13',NULL),(94,'大二英文上',133,21,16,3,'英文',2016,1,30,30,1,'2017-05-23 06:45:50','2017-05-24 07:01:23',NULL),(95,'中文上',131,11,16,3,'中文',2016,1,28,30,1,'2017-05-23 06:46:16','2017-05-24 07:00:32',NULL),(96,'大一體育上',134,23,16,3,'中文',2016,1,28,30,1,'2017-05-23 06:47:22','2017-05-24 07:01:03',NULL),(97,'大二體育上',135,8,16,3,'中文',2016,1,30,30,1,'2017-05-23 06:47:30','2017-05-24 07:01:41',NULL),(98,'微積分(二)',16,9,42,3,'中文',2016,2,40,40,1,'2017-05-23 06:48:46','2017-05-23 07:26:27','2017-05-23 07:26:27'),(99,'微積分二',16,9,16,3,'中文',2016,2,38,40,1,'2017-05-23 06:49:26','2017-05-24 07:01:56',NULL),(100,'微積分(二)',149,9,36,3,'中文',2016,2,40,40,1,'2017-05-23 06:51:11','2017-05-23 07:26:32','2017-05-23 07:26:32'),(101,'微積分一',16,9,37,3,'中文',2016,1,48,50,1,'2017-05-23 06:53:03','2017-05-24 07:01:49',NULL),(102,'視覺化程式設計',146,9,38,3,'中文',2016,1,48,50,1,'2017-05-23 06:57:55','2017-05-23 07:09:14',NULL),(103,'大一英文下',132,21,35,2,'英文',2016,2,28,30,1,'2017-05-23 08:14:29','2017-05-24 06:59:48',NULL),(104,'中文上',131,8,16,3,'中文',2016,1,30,30,1,'2017-05-23 08:15:57','2017-05-24 13:34:49','2017-05-24 13:34:49'),(105,'中文下',131,11,19,2,'中文',2016,2,48,50,1,'2017-05-23 08:16:42','2017-05-24 07:00:48',NULL),(106,'C程式設計',92,9,17,3,'中文',2016,2,48,50,1,'2017-05-23 08:25:39','2017-05-23 15:06:31',NULL),(107,'邏輯設計',97,9,38,3,'中文',2016,2,38,40,1,'2017-05-23 08:28:11','2017-05-23 14:59:01',NULL),(108,'大一體育下',134,23,16,3,'中文',2016,2,28,30,1,'2017-05-23 14:55:32','2017-05-24 06:59:55',NULL),(109,'Java程式設計',96,9,16,3,'中文',2017,1,28,30,1,'2017-05-23 15:42:06','2017-05-24 02:12:19',NULL),(110,'大二英文上',133,21,23,1,'中文',2017,1,28,30,1,'2017-05-24 02:14:36','2017-05-24 07:00:04',NULL),(111,'大二體育上',135,23,35,0,'中文',2017,1,28,30,1,'2017-05-24 02:15:27','2017-05-24 07:01:31',NULL),(112,'系統程式與組合語言',98,9,16,3,'中文',2017,2,28,30,1,'2017-05-24 04:21:53','2017-05-24 04:42:23',NULL),(113,'機率統計',103,8,16,3,'中文',2017,2,29,30,1,'2017-05-24 04:22:12','2017-05-24 04:45:50',NULL),(114,'嵌入式系統導論',101,8,16,3,'中文',2017,2,28,30,1,'2017-05-24 04:26:14','2017-05-24 04:42:23',NULL),(115,'物件導向程式設計',137,8,16,3,'中文',2017,2,28,30,1,'2017-05-24 04:26:46','2017-05-24 04:42:23',NULL),(116,'大二英文下',133,21,16,2,'中文',2017,2,28,30,1,'2017-05-24 04:27:06','2017-05-24 06:58:31',NULL),(117,'大二體育下',135,23,16,0,'中文',2017,2,28,30,1,'2017-05-24 04:27:29','2017-05-24 06:58:35',NULL),(118,'音樂賞析',116,20,16,2,'中文',2017,2,30,30,1,'2017-05-24 10:15:52','2017-05-24 10:15:52',NULL);
/*!40000 ALTER TABLE `courses` ENABLE KEYS */;
UNLOCK TABLES;

--
-- Table structure for table `curricula`
--

DROP TABLE IF EXISTS `curricula`;
/*!40101 SET @saved_cs_client     = @@character_set_client */;
/*!40101 SET character_set_client = utf8 */;
CREATE TABLE `curricula` (
  `id` int(10) unsigned NOT NULL AUTO_INCREMENT,
  `student_id` int(10) unsigned NOT NULL,
  `course_id` int(10) unsigned NOT NULL,
  `state` varchar(255) COLLATE utf8mb4_bin NOT NULL DEFAULT '預選中',
  `created_at` timestamp NOT NULL DEFAULT CURRENT_TIMESTAMP,
  `updated_at` timestamp NULL DEFAULT NULL,
  PRIMARY KEY (`id`),
  KEY `student_id` (`student_id`),
  KEY `course_id` (`course_id`)
) ENGINE=InnoDB AUTO_INCREMENT=256 DEFAULT CHARSET=utf8mb4 COLLATE=utf8mb4_bin;
/*!40101 SET character_set_client = @saved_cs_client */;

--
-- Dumping data for table `curricula`
--

LOCK TABLES `curricula` WRITE;
/*!40000 ALTER TABLE `curricula` DISABLE KEYS */;
INSERT INTO `curricula` VALUES (200,19,78,'已修完','2017-05-23 07:04:52','2017-05-23 15:23:49'),(201,19,89,'已修完','2017-05-23 07:04:52','2017-05-23 15:23:49'),(202,19,93,'已修完','2017-05-23 07:04:52','2017-05-23 15:23:49'),(203,19,95,'已修完','2017-05-23 07:04:52','2017-05-23 15:23:49'),(204,19,96,'已修完','2017-05-23 07:04:52','2017-05-23 15:23:49'),(205,19,101,'已修完','2017-05-23 07:04:52','2017-05-23 15:23:49'),(206,19,102,'已修完','2017-05-23 07:04:52','2017-05-23 15:23:49'),(207,28,89,'已修完','2017-05-23 07:09:14','2017-05-23 15:23:49'),(208,28,93,'已修完','2017-05-23 07:09:14','2017-05-23 15:23:49'),(209,28,95,'已修完','2017-05-23 07:09:14','2017-05-23 15:23:49'),(210,28,96,'已修完','2017-05-23 07:09:14','2017-05-23 15:23:49'),(211,28,101,'已修完','2017-05-23 07:09:14','2017-05-23 15:23:49'),(212,28,102,'已修完','2017-05-23 07:09:14','2017-05-23 15:23:49'),(213,19,99,'已修完','2017-05-23 08:39:25','2017-05-24 03:04:23'),(214,19,103,'已修完','2017-05-23 08:39:25','2017-05-24 03:04:23'),(215,19,105,'已修完','2017-05-23 08:39:25','2017-05-24 03:04:23'),(216,19,106,'已修完','2017-05-23 08:39:25','2017-05-24 03:04:23'),(217,19,107,'已修完','2017-05-23 08:39:25','2017-05-24 03:04:23'),(218,28,99,'已修完','2017-05-23 14:59:01','2017-05-24 03:04:23'),(219,28,103,'已修完','2017-05-23 14:59:01','2017-05-24 03:04:23'),(220,28,105,'已修完','2017-05-23 14:59:01','2017-05-24 03:04:23'),(222,28,107,'已修完','2017-05-23 14:59:01','2017-05-24 03:04:23'),(223,28,108,'已修完','2017-05-23 14:59:01','2017-05-24 03:04:23'),(224,28,106,'已修完','2017-05-23 15:06:31','2017-05-24 03:04:23'),(225,19,108,'已修完','2017-05-23 15:23:32','2017-05-24 03:04:23'),(226,28,65,'修課中','2017-05-24 01:07:42','2017-05-24 03:04:23'),(227,28,68,'修課中','2017-05-24 01:07:42','2017-05-24 03:04:23'),(228,28,109,'修課中','2017-05-24 01:07:42','2017-05-24 03:04:23'),(229,19,43,'修課中','2017-05-24 02:12:19','2017-05-24 03:04:23'),(230,19,44,'修課中','2017-05-24 02:12:19','2017-05-24 03:04:23'),(231,19,65,'修課中','2017-05-24 02:12:19','2017-05-24 03:04:23'),(232,19,68,'修課中','2017-05-24 02:12:19','2017-05-24 03:04:23'),(233,19,109,'修課中','2017-05-24 02:12:19','2017-05-24 03:04:23'),(234,19,110,'修課中','2017-05-24 02:18:43','2017-05-24 03:04:23'),(235,19,111,'修課中','2017-05-24 02:18:43','2017-05-24 03:04:23'),(236,28,110,'修課中','2017-05-24 03:03:04','2017-05-24 03:04:23'),(237,28,111,'修課中','2017-05-24 03:03:04','2017-05-24 03:04:23'),(238,28,48,'預選中','2017-05-24 04:06:33','2017-05-24 04:06:33'),(240,28,63,'預選中','2017-05-24 04:06:33','2017-05-24 04:06:33'),(241,19,51,'預選中','2017-05-24 04:39:54','2017-05-24 04:39:54'),(242,19,53,'預選中','2017-05-24 04:39:54','2017-05-24 04:39:54'),(243,19,60,'預選中','2017-05-24 04:39:54','2017-05-24 04:39:54'),(244,19,112,'預選中','2017-05-24 04:39:54','2017-05-24 04:39:54'),(245,19,114,'預選中','2017-05-24 04:39:54','2017-05-24 04:39:54'),(246,19,115,'預選中','2017-05-24 04:39:54','2017-05-24 04:39:54'),(247,19,116,'預選中','2017-05-24 04:39:54','2017-05-24 04:39:54'),(248,19,117,'預選中','2017-05-24 04:39:54','2017-05-24 04:39:54'),(250,28,112,'預選中','2017-05-24 04:42:23','2017-05-24 04:42:23'),(251,28,114,'預選中','2017-05-24 04:42:23','2017-05-24 04:42:23'),(252,28,115,'預選中','2017-05-24 04:42:23','2017-05-24 04:42:23'),(253,28,116,'預選中','2017-05-24 04:42:23','2017-05-24 04:42:23'),(254,28,117,'預選中','2017-05-24 04:42:23','2017-05-24 04:42:23'),(255,19,113,'預選中','2017-05-24 04:45:50','2017-05-24 04:45:50');
/*!40000 ALTER TABLE `curricula` ENABLE KEYS */;
UNLOCK TABLES;

--
-- Table structure for table `days`
--

DROP TABLE IF EXISTS `days`;
/*!40101 SET @saved_cs_client     = @@character_set_client */;
/*!40101 SET character_set_client = utf8 */;
CREATE TABLE `days` (
  `id` int(10) unsigned NOT NULL AUTO_INCREMENT,
  `name` varchar(255) COLLATE utf8mb4_bin NOT NULL,
  `simple_name` varchar(255) COLLATE utf8mb4_bin NOT NULL,
  PRIMARY KEY (`id`),
  UNIQUE KEY `name` (`name`)
) ENGINE=InnoDB AUTO_INCREMENT=7 DEFAULT CHARSET=utf8mb4 COLLATE=utf8mb4_bin;
/*!40101 SET character_set_client = @saved_cs_client */;

--
-- Dumping data for table `days`
--

LOCK TABLES `days` WRITE;
/*!40000 ALTER TABLE `days` DISABLE KEYS */;
INSERT INTO `days` VALUES (1,'星期一','一'),(2,'星期二','二'),(3,'星期三','三'),(4,'星期四','四'),(5,'星期五','五'),(6,'星期六','六');
/*!40000 ALTER TABLE `days` ENABLE KEYS */;
UNLOCK TABLES;

--
-- Table structure for table `feedback`
--

DROP TABLE IF EXISTS `feedback`;
/*!40101 SET @saved_cs_client     = @@character_set_client */;
/*!40101 SET character_set_client = utf8 */;
CREATE TABLE `feedback` (
  `id` int(10) unsigned NOT NULL AUTO_INCREMENT,
  `user_id` int(10) NOT NULL,
  `subject` varchar(255) NOT NULL,
  `context` varchar(4096) NOT NULL,
  `created_at` timestamp NOT NULL DEFAULT CURRENT_TIMESTAMP,
  `updated_at` timestamp NULL DEFAULT NULL,
  PRIMARY KEY (`id`)
) ENGINE=InnoDB DEFAULT CHARSET=latin1;
/*!40101 SET character_set_client = @saved_cs_client */;

--
-- Dumping data for table `feedback`
--

LOCK TABLES `feedback` WRITE;
/*!40000 ALTER TABLE `feedback` DISABLE KEYS */;
/*!40000 ALTER TABLE `feedback` ENABLE KEYS */;
UNLOCK TABLES;

--
-- Table structure for table `his_apply_courses`
--

DROP TABLE IF EXISTS `his_apply_courses`;
/*!40101 SET @saved_cs_client     = @@character_set_client */;
/*!40101 SET character_set_client = utf8 */;
CREATE TABLE `his_apply_courses` (
  `id` int(10) unsigned NOT NULL AUTO_INCREMENT,
  `student_id` int(10) unsigned NOT NULL,
  `course_id` int(10) unsigned NOT NULL,
  `professor_id` int(10) unsigned NOT NULL,
  `created_at` timestamp NOT NULL DEFAULT CURRENT_TIMESTAMP,
  `updated_at` timestamp NULL DEFAULT NULL,
  PRIMARY KEY (`id`)
) ENGINE=InnoDB DEFAULT CHARSET=utf8mb4 COLLATE=utf8mb4_bin;
/*!40101 SET character_set_client = @saved_cs_client */;

--
-- Dumping data for table `his_apply_courses`
--

LOCK TABLES `his_apply_courses` WRITE;
/*!40000 ALTER TABLE `his_apply_courses` DISABLE KEYS */;
/*!40000 ALTER TABLE `his_apply_courses` ENABLE KEYS */;
UNLOCK TABLES;

--
-- Table structure for table `his_take_courses`
--

DROP TABLE IF EXISTS `his_take_courses`;
/*!40101 SET @saved_cs_client     = @@character_set_client */;
/*!40101 SET character_set_client = utf8 */;
CREATE TABLE `his_take_courses` (
  `id` int(10) unsigned NOT NULL AUTO_INCREMENT,
  `student_id` int(10) unsigned NOT NULL,
  `course_id` int(10) unsigned NOT NULL,
  `state` varchar(255) COLLATE utf8mb4_bin DEFAULT '預選中',
  `created_at` timestamp NOT NULL DEFAULT CURRENT_TIMESTAMP,
  `updated_at` timestamp NULL DEFAULT NULL,
  PRIMARY KEY (`id`),
  KEY `student_id` (`student_id`),
  KEY `course_id` (`course_id`)
) ENGINE=InnoDB AUTO_INCREMENT=21 DEFAULT CHARSET=utf8mb4 COLLATE=utf8mb4_bin;
/*!40101 SET character_set_client = @saved_cs_client */;

--
-- Dumping data for table `his_take_courses`
--

LOCK TABLES `his_take_courses` WRITE;
/*!40000 ALTER TABLE `his_take_courses` DISABLE KEYS */;
INSERT INTO `his_take_courses` VALUES (11,1,16,'預選中','2017-04-04 09:26:28','2017-04-04 09:26:28'),(12,1,17,'預選中','2017-04-05 07:33:21','2017-04-05 07:33:21'),(13,1,19,'預選中','2017-04-04 09:27:11','2017-04-04 09:27:11'),(14,1,20,'預選中','2017-04-05 07:33:30','2017-04-05 07:33:30'),(15,7,21,'預選中','2017-04-07 04:28:31','2017-04-07 04:28:31'),(16,7,22,'預選中','2017-04-07 04:29:03','2017-04-07 04:29:03'),(17,7,23,'預選中','2017-04-07 04:29:03','2017-04-07 04:29:03'),(18,7,24,'預選中','2017-04-07 04:29:03','2017-04-07 04:29:03'),(19,7,25,'預選中','2017-04-07 04:29:03','2017-04-07 04:29:03'),(20,7,26,'預選中','2017-04-07 04:29:03','2017-04-07 04:29:03');
/*!40000 ALTER TABLE `his_take_courses` ENABLE KEYS */;
UNLOCK TABLES;

--
-- Table structure for table `migrations`
--

DROP TABLE IF EXISTS `migrations`;
/*!40101 SET @saved_cs_client     = @@character_set_client */;
/*!40101 SET character_set_client = utf8 */;
CREATE TABLE `migrations` (
  `id` int(10) unsigned NOT NULL AUTO_INCREMENT,
  `migration` varchar(255) COLLATE utf8mb4_unicode_ci NOT NULL,
  `batch` int(11) NOT NULL,
  PRIMARY KEY (`id`)
) ENGINE=InnoDB AUTO_INCREMENT=4 DEFAULT CHARSET=utf8mb4 COLLATE=utf8mb4_unicode_ci;
/*!40101 SET character_set_client = @saved_cs_client */;

--
-- Dumping data for table `migrations`
--

LOCK TABLES `migrations` WRITE;
/*!40000 ALTER TABLE `migrations` DISABLE KEYS */;
INSERT INTO `migrations` VALUES (3,'2014_10_12_000000_create_users_table',1);
/*!40000 ALTER TABLE `migrations` ENABLE KEYS */;
UNLOCK TABLES;

--
-- Table structure for table `password_resets`
--

DROP TABLE IF EXISTS `password_resets`;
/*!40101 SET @saved_cs_client     = @@character_set_client */;
/*!40101 SET character_set_client = utf8 */;
CREATE TABLE `password_resets` (
  `email` varchar(255) COLLATE utf8mb4_unicode_ci NOT NULL,
  `token` varchar(255) COLLATE utf8mb4_unicode_ci NOT NULL,
  `created_at` timestamp NULL DEFAULT NULL,
  KEY `password_resets_email_index` (`email`)
) ENGINE=InnoDB DEFAULT CHARSET=utf8mb4 COLLATE=utf8mb4_unicode_ci;
/*!40101 SET character_set_client = @saved_cs_client */;

--
-- Dumping data for table `password_resets`
--

LOCK TABLES `password_resets` WRITE;
/*!40000 ALTER TABLE `password_resets` DISABLE KEYS */;
INSERT INTO `password_resets` VALUES ('f1026115@thu.edu.tw','$2y$10$3sqKJu/1IuPtXHI8TNwsCOFzN/WIS.JYa/7jKZaiwFJ9FGjzx9aAO','2017-05-14 14:23:20');
/*!40000 ALTER TABLE `password_resets` ENABLE KEYS */;
UNLOCK TABLES;

--
-- Table structure for table `periods`
--

DROP TABLE IF EXISTS `periods`;
/*!40101 SET @saved_cs_client     = @@character_set_client */;
/*!40101 SET character_set_client = utf8 */;
CREATE TABLE `periods` (
  `id` int(10) unsigned NOT NULL AUTO_INCREMENT,
  `name` varchar(255) COLLATE utf8mb4_bin NOT NULL,
  `上課時間` time NOT NULL,
  `下課時間` time NOT NULL,
  PRIMARY KEY (`id`),
  UNIQUE KEY `name` (`name`),
  KEY `上課時間` (`上課時間`),
  KEY `下課時間` (`下課時間`)
) ENGINE=InnoDB AUTO_INCREMENT=16 DEFAULT CHARSET=utf8mb4 COLLATE=utf8mb4_bin;
/*!40101 SET character_set_client = @saved_cs_client */;

--
-- Dumping data for table `periods`
--

LOCK TABLES `periods` WRITE;
/*!40000 ALTER TABLE `periods` DISABLE KEYS */;
INSERT INTO `periods` VALUES (1,'第一堂','07:10:00','08:00:00'),(2,'第二堂','08:10:00','09:00:00'),(3,'第三堂','09:10:00','10:00:00'),(4,'第四堂','10:20:00','11:10:00'),(5,'第五堂','11:20:00','12:10:00'),(6,'第六堂','12:10:00','13:00:00'),(7,'第七堂','13:10:00','14:00:00'),(8,'第八堂','14:10:00','15:00:00'),(9,'第九堂','15:20:00','16:10:00'),(10,'第十堂','16:20:00','17:10:00'),(11,'第十一堂','17:20:00','18:10:00'),(12,'第十二堂','18:20:00','19:10:00'),(13,'第十三堂','19:20:00','20:10:00'),(14,'第十四堂','20:20:00','21:10:00'),(15,'第十五堂','21:20:00','22:10:00');
/*!40000 ALTER TABLE `periods` ENABLE KEYS */;
UNLOCK TABLES;

--
-- Table structure for table `prerequisites`
--

DROP TABLE IF EXISTS `prerequisites`;
/*!40101 SET @saved_cs_client     = @@character_set_client */;
/*!40101 SET character_set_client = utf8 */;
CREATE TABLE `prerequisites` (
  `id` int(10) unsigned NOT NULL AUTO_INCREMENT,
  `course_id` int(10) unsigned NOT NULL,
  `course_base_id` int(10) unsigned NOT NULL,
  `created_at` timestamp NOT NULL DEFAULT CURRENT_TIMESTAMP,
  `updated_at` timestamp NULL DEFAULT NULL,
  PRIMARY KEY (`id`),
  KEY `course_id` (`course_id`),
  KEY `course_base_id` (`course_base_id`)
) ENGINE=InnoDB DEFAULT CHARSET=utf8mb4 COLLATE=utf8mb4_bin;
/*!40101 SET character_set_client = @saved_cs_client */;

--
-- Dumping data for table `prerequisites`
--

LOCK TABLES `prerequisites` WRITE;
/*!40000 ALTER TABLE `prerequisites` DISABLE KEYS */;
/*!40000 ALTER TABLE `prerequisites` ENABLE KEYS */;
UNLOCK TABLES;

--
-- Table structure for table `professors`
--

DROP TABLE IF EXISTS `professors`;
/*!40101 SET @saved_cs_client     = @@character_set_client */;
/*!40101 SET character_set_client = utf8 */;
CREATE TABLE `professors` (
  `id` int(10) unsigned NOT NULL,
  `title` varchar(255) COLLATE utf8mb4_bin NOT NULL,
  `skills` varchar(255) COLLATE utf8mb4_bin NOT NULL,
  `unit_id` int(10) unsigned NOT NULL,
  `created_at` timestamp NOT NULL DEFAULT CURRENT_TIMESTAMP,
  `updated_at` timestamp NULL DEFAULT NULL,
  `deleted_at` timestamp NULL DEFAULT NULL,
  PRIMARY KEY (`id`)
) ENGINE=InnoDB DEFAULT CHARSET=utf8mb4 COLLATE=utf8mb4_bin;
/*!40101 SET character_set_client = @saved_cs_client */;

--
-- Dumping data for table `professors`
--

LOCK TABLES `professors` WRITE;
/*!40000 ALTER TABLE `professors` DISABLE KEYS */;
INSERT INTO `professors` VALUES (2,'教授','人工智慧',9,'2017-04-02 11:49:32','2017-04-02 11:49:32',NULL),(4,'兼任教師','編譯器',9,'2017-05-19 15:04:58','2017-05-20 02:47:13',NULL),(5,'兼任教師','計算機組織',9,'2017-05-19 15:05:07','2017-05-20 02:17:55',NULL),(8,'13123213','12312312',11,'2017-04-07 04:13:19','2017-04-07 04:13:19',NULL),(9,'xcv13123213','1231df2312',11,'2017-04-07 04:14:30','2017-04-07 04:14:30',NULL),(10,'1312afds3213','1231sadf2312',11,'2017-04-07 04:14:30','2017-04-07 04:14:30',NULL),(11,'1312qw3213','12312xz312',11,'2017-04-07 04:14:30','2017-04-07 04:14:30',NULL),(12,'13123adsf213','1231xcv2312',11,'2017-04-07 04:14:30','2017-04-07 04:14:30',NULL),(13,'asfd1312df3213','123qr12312',11,'2017-04-07 04:14:30','2017-04-07 04:14:30',NULL),(14,'助理教授','嵌入式系統',11,'2017-04-07 04:14:31','2017-05-20 02:20:08',NULL),(15,'131232sdf13','12312sdf312',11,'2017-04-07 04:15:01','2017-04-07 04:15:01',NULL),(61,'副教授','人工智慧',9,'2017-05-20 02:14:46','2017-05-20 02:14:46',NULL),(62,'副教授','網路創意應用',9,'2017-05-20 02:16:15','2017-05-20 02:16:15',NULL),(63,'助理教授','大數據分析',9,'2017-05-20 02:24:17','2017-05-20 02:24:17',NULL),(64,'助理教授','雲端技術',9,'2017-05-20 02:25:27','2017-05-20 02:25:27',NULL),(65,'副教授','嵌入式互動系統',9,'2017-05-20 02:34:06','2017-05-20 02:34:06',NULL),(66,'副教授','訊息安全',9,'2017-05-20 02:36:07','2017-05-20 02:36:07',NULL),(67,'副教授','無線網路',9,'2017-05-20 02:37:11','2017-05-20 02:37:11',NULL),(68,'副教授','資訊管理',9,'2017-05-20 02:39:58','2017-05-20 02:39:58',NULL),(69,'助理教授級專業技術人員','軟體工程',9,'2017-05-20 02:48:46','2017-05-20 02:48:52',NULL),(70,'副教授','嵌入式系統',9,'2017-05-20 02:58:07','2017-05-20 02:58:07',NULL),(71,'教授','asfdnkjsad',11,'2017-05-23 02:49:30','2017-05-23 02:50:00',NULL),(72,'教授','asfdnkjsad',11,'2017-05-23 02:49:43','2017-05-23 02:49:53',NULL),(73,'教授','作業研究',8,'2017-05-23 02:50:28','2017-05-23 05:27:03',NULL),(74,'教授','中國文學',11,'2017-05-23 02:50:41','2017-05-23 05:25:58',NULL),(75,'教授','普通化學',15,'2017-05-23 02:51:01','2017-05-23 05:25:39',NULL),(76,'教授','普通化學',8,'2017-05-23 05:08:11','2017-05-23 05:08:11',NULL);
/*!40000 ALTER TABLE `professors` ENABLE KEYS */;
UNLOCK TABLES;

--
-- Table structure for table `students`
--

DROP TABLE IF EXISTS `students`;
/*!40101 SET @saved_cs_client     = @@character_set_client */;
/*!40101 SET character_set_client = utf8 */;
CREATE TABLE `students` (
  `id` int(10) unsigned NOT NULL,
  `year` year(4) NOT NULL,
  `state` varchar(255) COLLATE utf8mb4_bin NOT NULL DEFAULT '在學',
  `unit_id` int(10) unsigned NOT NULL,
  `created_at` timestamp NOT NULL DEFAULT CURRENT_TIMESTAMP,
  `updated_at` timestamp NULL DEFAULT NULL,
  `deleted_at` timestamp NULL DEFAULT NULL,
  PRIMARY KEY (`id`)
) ENGINE=InnoDB DEFAULT CHARSET=utf8mb4 COLLATE=utf8mb4_bin;
/*!40101 SET character_set_client = @saved_cs_client */;

--
-- Dumping data for table `students`
--

LOCK TABLES `students` WRITE;
/*!40000 ALTER TABLE `students` DISABLE KEYS */;
INSERT INTO `students` VALUES (1,2016,'在學',9,'2017-04-02 10:56:35','2017-04-02 10:56:35',NULL),(7,2016,'在學',11,'2017-04-05 03:08:03','2017-04-05 03:08:03',NULL),(16,2016,'在學',9,'2017-05-14 13:22:29','2017-05-15 08:52:21',NULL),(17,2016,'在學',9,'2017-05-14 13:22:29',NULL,NULL),(18,2016,'在學',9,'2017-05-14 13:22:29',NULL,NULL),(19,2016,'在學',9,'2017-05-14 13:22:29',NULL,NULL),(20,2016,'在學',9,'2017-05-14 13:22:29',NULL,NULL),(23,2016,'在學',17,'2017-05-15 06:48:59',NULL,NULL),(24,2016,'在學',9,'2017-05-15 06:49:20',NULL,NULL),(28,2016,'在學',9,'2017-05-15 09:19:33','2017-05-15 09:19:33',NULL),(77,2016,'在學',15,'2017-05-23 15:38:25','2017-05-23 15:38:25',NULL);
/*!40000 ALTER TABLE `students` ENABLE KEYS */;
UNLOCK TABLES;

--
-- Table structure for table `tests`
--

DROP TABLE IF EXISTS `tests`;
/*!40101 SET @saved_cs_client     = @@character_set_client */;
/*!40101 SET character_set_client = utf8 */;
CREATE TABLE `tests` (
  `id` int(11) NOT NULL AUTO_INCREMENT,
  `value1` int(11) NOT NULL,
  `value2` int(11) NOT NULL,
  `created_at` timestamp NOT NULL DEFAULT CURRENT_TIMESTAMP,
  `updated_at` timestamp NULL DEFAULT NULL,
  PRIMARY KEY (`id`)
) ENGINE=InnoDB AUTO_INCREMENT=6 DEFAULT CHARSET=utf8mb4 COLLATE=utf8mb4_bin;
/*!40101 SET character_set_client = @saved_cs_client */;

--
-- Dumping data for table `tests`
--

LOCK TABLES `tests` WRITE;
/*!40000 ALTER TABLE `tests` DISABLE KEYS */;
INSERT INTO `tests` VALUES (3,3,1,'2017-04-18 08:07:23','2017-05-12 08:12:23'),(4,2,3,'2017-04-18 08:07:28','2017-04-18 08:07:28'),(5,3,4,'2017-04-18 08:07:34','2017-04-18 08:07:34');
/*!40000 ALTER TABLE `tests` ENABLE KEYS */;
UNLOCK TABLES;

--
-- Table structure for table `threshold2s`
--

DROP TABLE IF EXISTS `threshold2s`;
/*!40101 SET @saved_cs_client     = @@character_set_client */;
/*!40101 SET character_set_client = utf8 */;
CREATE TABLE `threshold2s` (
  `id` int(10) unsigned NOT NULL AUTO_INCREMENT,
  `unit_id` int(10) unsigned NOT NULL,
  `type_id` int(10) unsigned NOT NULL,
  `credit` int(10) unsigned NOT NULL,
  `adopt_year` year(4) NOT NULL,
  `created_at` timestamp NOT NULL DEFAULT CURRENT_TIMESTAMP,
  `updated_at` timestamp NULL DEFAULT NULL,
  PRIMARY KEY (`id`)
) ENGINE=InnoDB AUTO_INCREMENT=10 DEFAULT CHARSET=latin1;
/*!40101 SET character_set_client = @saved_cs_client */;

--
-- Dumping data for table `threshold2s`
--

LOCK TABLES `threshold2s` WRITE;
/*!40000 ALTER TABLE `threshold2s` DISABLE KEYS */;
INSERT INTO `threshold2s` VALUES (1,9,5,5,2016,'2017-05-22 08:05:36','2017-05-23 14:53:25'),(2,9,3,5,2016,'2017-05-22 00:35:07','2017-05-23 14:53:27'),(8,9,4,5,2016,'2017-05-22 00:35:20','2017-05-23 14:53:29'),(9,9,9,50,2016,'2017-05-23 14:53:22','2017-05-23 14:53:22');
/*!40000 ALTER TABLE `threshold2s` ENABLE KEYS */;
UNLOCK TABLES;

--
-- Table structure for table `thresholds`
--

DROP TABLE IF EXISTS `thresholds`;
/*!40101 SET @saved_cs_client     = @@character_set_client */;
/*!40101 SET character_set_client = utf8 */;
CREATE TABLE `thresholds` (
  `id` int(10) unsigned NOT NULL AUTO_INCREMENT,
  `unit_id` int(10) unsigned NOT NULL,
  `type_id` int(10) unsigned NOT NULL,
  `course_base_id` int(10) unsigned NOT NULL,
  `adopt_year` year(4) NOT NULL,
  `adopt_grade` int(2) unsigned NOT NULL,
  `adopt_semester` int(1) unsigned NOT NULL,
  `created_at` timestamp NOT NULL DEFAULT CURRENT_TIMESTAMP,
  `updated_at` timestamp NULL DEFAULT NULL,
  PRIMARY KEY (`id`),
  KEY `unit_id` (`unit_id`),
  KEY `thresholds_ibfk_2` (`course_base_id`),
  KEY `type_id` (`type_id`)
) ENGINE=InnoDB AUTO_INCREMENT=45 DEFAULT CHARSET=utf8mb4 COLLATE=utf8mb4_bin;
/*!40101 SET character_set_client = @saved_cs_client */;

--
-- Dumping data for table `thresholds`
--

LOCK TABLES `thresholds` WRITE;
/*!40000 ALTER TABLE `thresholds` DISABLE KEYS */;
INSERT INTO `thresholds` VALUES (1,9,8,16,2016,1,1,'2017-04-15 09:36:02','2017-05-23 14:47:32'),(2,9,8,8,2016,2,1,'2017-04-15 09:36:02','2017-05-23 14:48:43'),(3,9,8,15,2016,2,2,'2017-04-15 09:36:02','2017-05-23 14:44:06'),(4,9,8,10,2016,3,2,'2017-04-15 09:36:02','2017-05-23 14:47:46'),(5,9,8,14,2016,3,1,'2017-04-27 22:07:50','2017-05-23 14:47:29'),(12,9,8,12,2016,3,1,'2017-05-14 17:49:34','2017-05-23 14:49:19'),(25,9,8,15,2016,2,1,'2017-05-19 13:24:27','2017-05-23 14:43:20'),(26,9,8,16,2016,1,2,'2017-05-23 14:35:25','2017-05-23 14:47:50'),(27,9,8,89,2016,1,1,'2017-05-23 14:35:53','2017-05-23 14:35:53'),(29,9,8,146,2016,1,1,'2017-05-23 14:47:05','2017-05-23 14:47:05'),(30,9,8,146,2016,1,2,'2017-05-23 14:47:15','2017-05-23 14:47:15'),(31,9,8,92,2016,1,2,'2017-05-23 14:48:07','2017-05-23 14:48:07'),(32,9,8,97,2016,1,2,'2017-05-23 14:48:16','2017-05-23 14:48:16'),(33,9,8,96,2016,2,1,'2017-05-23 14:48:28','2017-05-23 14:48:28'),(34,9,8,98,2016,2,2,'2017-05-23 14:49:04','2017-05-23 14:49:04'),(35,9,8,95,2016,3,1,'2017-05-23 14:49:38','2017-05-23 14:49:38'),(36,9,8,100,2016,3,2,'2017-05-23 14:49:57','2017-05-23 14:49:57'),(37,9,8,141,2016,3,2,'2017-05-23 14:50:12','2017-05-23 14:50:12'),(38,9,8,140,2016,3,2,'2017-05-23 14:50:31','2017-05-23 14:50:31'),(39,9,8,94,2016,5,2,'2017-05-23 14:50:57','2017-05-23 14:50:57'),(40,9,7,101,2016,2,2,'2017-05-23 14:51:29','2017-05-23 14:51:29'),(41,9,7,137,2016,2,2,'2017-05-23 14:52:19','2017-05-23 14:52:19'),(42,9,7,105,2016,3,1,'2017-05-23 14:52:45','2017-05-23 14:52:45'),(43,9,7,109,2016,5,1,'2017-05-23 14:52:56','2017-05-23 14:52:56'),(44,9,8,103,2017,2,2,'2017-05-24 07:51:28','2017-05-24 07:51:28');
/*!40000 ALTER TABLE `thresholds` ENABLE KEYS */;
UNLOCK TABLES;

--
-- Table structure for table `types`
--

DROP TABLE IF EXISTS `types`;
/*!40101 SET @saved_cs_client     = @@character_set_client */;
/*!40101 SET character_set_client = utf8 */;
CREATE TABLE `types` (
  `id` int(10) unsigned NOT NULL AUTO_INCREMENT,
  `name` varchar(255) COLLATE utf8mb4_bin NOT NULL,
  `type_base_id` int(10) unsigned NOT NULL,
  `created_at` timestamp NOT NULL DEFAULT CURRENT_TIMESTAMP ON UPDATE CURRENT_TIMESTAMP,
  `updated_at` timestamp NULL DEFAULT NULL,
  PRIMARY KEY (`id`)
) ENGINE=InnoDB AUTO_INCREMENT=15 DEFAULT CHARSET=utf8mb4 COLLATE=utf8mb4_bin;
/*!40101 SET character_set_client = @saved_cs_client */;

--
-- Dumping data for table `types`
--

LOCK TABLES `types` WRITE;
/*!40000 ALTER TABLE `types` DISABLE KEYS */;
INSERT INTO `types` VALUES (1,'通識',2,'2017-05-25 03:28:45','2017-05-25 03:28:45'),(2,'學校',2,'2017-05-25 03:28:26','2017-05-25 03:28:26'),(3,'通識人文',1,'2017-05-25 03:28:20','2017-05-25 03:28:20'),(4,'通識自然',1,'2017-05-25 03:28:16','2017-05-25 03:28:16'),(5,'通識社會',1,'2017-05-25 03:28:14','2017-05-25 03:28:14'),(6,'通識文明與經典',1,'2017-05-25 03:28:10','2017-05-25 03:28:10'),(7,'必選修',2,'2017-05-25 03:28:07','2017-05-25 03:28:07'),(8,'必修',2,'2017-05-25 03:28:03','2017-05-25 03:28:03'),(9,'選修',2,'2017-05-25 03:28:00','2017-05-25 03:28:00'),(10,'共選修',2,'2017-05-25 03:27:57','2017-05-25 03:27:57'),(11,'外系不可加選',2,'2017-05-25 03:27:54','2017-05-25 03:27:54');
/*!40000 ALTER TABLE `types` ENABLE KEYS */;
UNLOCK TABLES;

--
-- Table structure for table `units`
--

DROP TABLE IF EXISTS `units`;
/*!40101 SET @saved_cs_client     = @@character_set_client */;
/*!40101 SET character_set_client = utf8 */;
CREATE TABLE `units` (
  `id` int(10) unsigned NOT NULL AUTO_INCREMENT,
  `name` varchar(255) COLLATE utf8mb4_bin NOT NULL,
  `unit_base_id` int(10) unsigned NOT NULL,
  `created_at` timestamp NULL DEFAULT CURRENT_TIMESTAMP,
  `updated_at` timestamp NULL DEFAULT NULL,
  PRIMARY KEY (`id`),
  UNIQUE KEY `name` (`name`),
  KEY `unit_base_id` (`unit_base_id`)
) ENGINE=InnoDB AUTO_INCREMENT=24 DEFAULT CHARSET=utf8mb4 COLLATE=utf8mb4_bin;
/*!40101 SET character_set_client = @saved_cs_client */;

--
-- Dumping data for table `units`
--

LOCK TABLES `units` WRITE;
/*!40000 ALTER TABLE `units` DISABLE KEYS */;
INSERT INTO `units` VALUES (1,'全部',1,'2017-03-31 07:29:09','2017-05-07 23:10:39'),(2,'其餘',1,'2017-04-02 11:44:11','2017-05-07 22:52:22'),(8,'工學院',1,'2017-03-31 07:30:25','2017-03-31 07:30:25'),(9,'資工系',8,'2017-03-31 07:30:25','2017-03-31 07:30:25'),(10,'文學院',1,'2017-03-31 07:30:25','2017-03-31 07:30:25'),(11,'中文系',10,'2017-03-31 07:30:25','2017-05-07 22:53:08'),(12,'歷史系',10,'2017-03-31 07:30:25','2017-03-31 07:30:25'),(14,'理學院',1,'2017-05-08 00:50:56','2017-05-08 00:50:56'),(15,'化學系',14,'2017-05-08 00:51:07','2017-05-08 00:51:07'),(16,'商學院',1,'2017-05-15 06:46:35',NULL),(17,'國貿系',16,'2017-05-15 06:48:26','2017-05-15 09:02:26'),(20,'通識中心',2,'2017-05-23 04:51:46','2017-05-23 06:13:08'),(21,'英語中心',2,'2017-05-23 06:45:11','2017-05-23 06:45:11'),(22,'華語中心',2,'2017-05-23 06:45:18','2017-05-23 06:45:18'),(23,'體育中心',2,'2017-05-23 06:47:05','2017-05-23 06:47:05');
/*!40000 ALTER TABLE `units` ENABLE KEYS */;
UNLOCK TABLES;

--
-- Table structure for table `users`
--

DROP TABLE IF EXISTS `users`;
/*!40101 SET @saved_cs_client     = @@character_set_client */;
/*!40101 SET character_set_client = utf8 */;
CREATE TABLE `users` (
  `id` int(10) unsigned NOT NULL AUTO_INCREMENT,
  `name` varchar(255) COLLATE utf8mb4_unicode_ci NOT NULL,
  `email` varchar(255) COLLATE utf8mb4_unicode_ci NOT NULL,
  `password` varchar(255) COLLATE utf8mb4_unicode_ci NOT NULL,
  `type` varchar(255) COLLATE utf8mb4_unicode_ci NOT NULL,
  `remember_token` varchar(100) COLLATE utf8mb4_unicode_ci DEFAULT NULL,
  `created_at` timestamp NULL DEFAULT NULL,
  `updated_at` timestamp NULL DEFAULT NULL,
  PRIMARY KEY (`id`)
) ENGINE=InnoDB AUTO_INCREMENT=78 DEFAULT CHARSET=utf8mb4 COLLATE=utf8mb4_unicode_ci;
/*!40101 SET character_set_client = @saved_cs_client */;

--
-- Dumping data for table `users`
--

LOCK TABLES `users` WRITE;
/*!40000 ALTER TABLE `users` DISABLE KEYS */;
INSERT INTO `users` VALUES (1,'chang','chang@thu.edu.tw','$2y$10$CF4UipcL5FTRSO.QUrz3TeoqiwqqfpBNZwLsONuowjb62W1b108a.','student','lpop5fEJZn3jkprRLnOiKvvPKn6gDKB2FE4tNmiFqDx7Wfji96wTpwFha8zX','2017-04-02 00:02:22','2017-05-18 23:48:31'),(2,'蔡清*','tsai@thu.edu.tw','$2y$10$8mFhp3z5nscWqC6BoBLG3O2q8Ib4zZbjh0yyJ/5amxWhUIZF4PWg6','professor','N7jSv5yCkA993zF79hrRxjgMVM3hvHuMqTTNadzYBy2PCbMjFmYjSvAvBtIf','2017-04-02 01:13:05','2017-04-02 01:13:05'),(3,'admin','admin@thu.edu.tw','$2y$10$bb2DVj70dDT9/uB0KI/02ug.qoidqTi3iNZVHV6UlRcYvTQtEJmXS','authority','iQYnc49qO8syziXbHzdFkb6T4Zk18eAhyXx5W41PIlJi9F1I2ZS3jgpdoEvS','2017-04-02 01:19:24','2017-05-14 05:26:21'),(4,'張啟*','lu@thu.edu.tw','$2y$10$JyNaVwkiGKYFL7OCumzSTu5v96HYw7LZHG0Ik4i4OOFaGdK88tBFi','professor','qFEuSKeOJ3abqtpL6AJ9hBOli9a6G6xxN8nams9M0sBaYdQfHQz3wfwnXafH','2017-04-02 03:58:39','2017-04-02 03:58:39'),(5,'郭育*','kao@thu.edu.tw','$2y$10$RWBQaTK3slYg5gxZPZtk2O.Z1gzTXKxYgePZBpLxb0aHyOhz7z.ta','professor','b2cfKtXmrxrCBVSVOwsS5McuFjQZF47rC148NBgrBjqpLKVqEVB6jwsPlWYD','2017-04-02 04:44:48','2017-04-02 04:44:48'),(7,'chen','chen@thu.edu.tw','$2y$10$iqX57QRZx0UR10vKl/.jwOvlKrAMrPowpzfTcKjd5TPqpEYKqRmVu','student','xkNfUV3HT4Tt1pr5XeSggPL4bwYmQjlPUYDpfnKZ5lrY8xiX0PHe9pNx4yh4','2017-04-02 05:50:50','2017-04-02 05:50:50'),(8,'阮美*','chi1@thu.edu.tw','$2y$10$h2HK4QOq8w/bipCKUyttke2QO1QtDylZJQA2E.jdcRPDj6NVR0gXC','professor',NULL,'2017-04-06 20:08:27','2017-04-06 20:08:27'),(9,'李建*','chi2@thu.edu.tw','$2y$10$S1dDgr.ZcXWsTTw.SZq2F.rY9P940UVv5T7jnIh7O9Fo9i4Kusi9C','professor',NULL,'2017-04-06 20:08:48','2017-04-06 20:08:48'),(10,'鍾曉*','chi3@thu.edu.tw','$2y$10$YUtUgi6ukkHI7WqBh6rj3OHSI67MgTgrFEWaHthI8o5f77HVtUVI6','professor',NULL,'2017-04-06 20:09:27','2017-04-06 20:09:27'),(11,'左家*','chi4@thu.edu.tw','$2y$10$A5HSJ2FuJwhz7.nQLBJzW./.Vy1HjVqv/T7Ar5aWKUQB.7rK5le5a','professor',NULL,'2017-04-06 20:09:47','2017-04-06 20:09:47'),(12,'陳筱*','chi5@thu.edu.tw','$2y$10$eASEZD0XsCpWsESekrfcvOvAUHw2.nZtuGCvD24t8p31NzcNOnlru','professor',NULL,'2017-04-06 20:10:26','2017-04-06 20:10:26'),(13,'陳慶*','chi6@thu.edu.tw','$2y$10$LynV.zGkNph2mtP/A5uXVuc1xAKlUuOwLjUDWDTlaxW6MdIbcGMDS','professor',NULL,'2017-04-06 20:10:56','2017-04-06 20:10:56'),(14,'劉榮*','chi7@thu.edu.tw','$2y$10$KH.5scXvLG4FKM2YZJQhUuNdCFE6GVip7I73vJ4Ztt1D5pLXWcug6','professor',NULL,'2017-04-06 20:11:43','2017-04-06 20:11:43'),(15,'周玟*','chi8d@thu.edu.tw','$2y$10$ZLhlZNMjU0R30FxIxY1N9.zyHCZpfe6baJmdFlrEu5UqkngWIPcaG','professor',NULL,'2017-04-06 20:11:59','2017-05-14 05:13:51'),(16,'陳*潔','f1026125@thu.edu.tw','$2y$10$7PIRpS5FSVkwD7fqhQRoNeow.8cOoOys/DdjvFwS1k.sN5TOQT30W','student','tns8SPsMYr9DNpgn8Q7rgsj3fna9WbtEjYCBVUL7vZSz2GlB9NdT31AdJXAK','2017-05-14 05:19:05','2017-05-15 16:04:36'),(17,'陳*綸','f1026120@thu.edu.tw','$2y$10$Ey2p78eRRFj1H9fEFbLGMelbhrzU59aamYDj06cW5BD.dqLc5ohBO','student','eaZgzNG9GSTY0NQUXyYKZLpdltcld5WvPlpa6IqMCLwH6SU8rXtDXHT45Jo5','2017-05-14 05:19:46','2017-05-15 16:03:55'),(18,'陳*任','f1026121@thu.edu.tw','$2y$10$k5GVauCnNd5jtKXikYOIoudr1T.53BJa6e.HQtQbE0tDjWirGHaFy','student','cYNl7BULA94tSMRaxdKHUdRPTsVxNztEF3NjpG5lvlJZc7vUjmZYiSAeVpFo','2017-05-14 05:20:05','2017-05-14 13:42:31'),(19,'林*毅','f1026115@thu.edu.tw','$2y$10$76voiOkXGdMREDFuT1ynY.agZGkIZuxPZX73pI9/ZoPeJEKvqG6vi','student','1z04m8LBNI2iVuXJdjauYoEjVNDSGSxGXT3pYoCbwVLigjHzKNY3qN88bKn5','2017-05-14 05:20:30','2017-05-14 13:42:38'),(20,'王*榮','f1026128@thu.edu.tw','$2y$10$993hOzqIAkR9XSfCkZt7Te0GvuDzaZMYdd6k.s3kWNCxpRBcC6Cou','student','MAYZb1WyppsF8r7FQVh9Le8zTX1ppbnkwyeanCMokBL5c7E4VXrBOgvYboME','2017-05-14 05:20:49','2017-05-14 13:42:45'),(21,'admin1','admin1@thu.edu.tw','$2y$10$dGoOvnkwnExjNkH/GAK6XeXi2hcuyYYqxCHU.j4BPjK9ETgEFtkFm','authority','wZjopIXdolJEntGwTbgcQtCA15FkS2atF18NEba7RF95VZJKNofnpU9NKSOa','2017-05-14 15:18:49','2017-05-18 23:47:54'),(23,'梁*尹','S03420242@thu.edu.tw','$2y$10$bHZUkDqQkFZrMZp7i8UxreKQ1qe/LqC/FkBkJtFPhk9Flh.FHQrzS','student','3cxWDbzbKG5tZ4FQVCe1dXhj9xi3SWQzsJGoraRSAGySy3iqHyoPN4CbN0eR','2017-05-15 05:17:45','2017-05-15 05:17:45'),(24,'許*緯','f1026114@thu.edu.tw','$2y$10$rTSwR0..D6gdxLiIc3TO7e5MByduXe4G4bMQ8nifo0F7J/6gitTZO','student',NULL,'2017-05-15 06:40:16','2017-05-15 06:40:16'),(28,'張*原','f1026109@thu.edu.tw','$2y$10$SQa77w6cQyW2Llz52NxKk.t7TksnQBszx/74IbCOp8.svD7cZlIby','student','SIsngRE3ckuAROb69LmyCpAu5JSL4ZtDBSrO7AJepTiE2ELvBPcwJsJoYHgu','2017-05-15 09:19:33','2017-05-15 09:19:33'),(60,'admin2','admin2@thu.edu.tw','$2y$10$0MshXyR.7bRaYCzWVZ5wyuZLSu8/HSVgJZ863uZzpKJ1g6ZYBgtoC','authority','T7uyRzN8bi5DYzOqcatcsSDuYlpOhgFCv30J4zGVJfQsWjMfD1B5FNgsqftm','2017-05-19 14:18:14','2017-05-19 14:18:14'),(61,'廖啟*','liaw@thu.edu.tw','$2y$10$WFL/VkH5eHkUxdTP80DHL.CaqSY9BODQ7SUaul3ka8MjD0jG02vJO','professor',NULL,'2017-05-20 02:14:46','2017-05-20 02:14:46'),(62,'羅文*','winston@thu.edu.tw','$2y$10$.LAGg87wEf4nl13HIFNire08yhdvbyIFbD/b97yeSiABuHyvyJ4Oi','professor',NULL,'2017-05-20 02:16:15','2017-05-20 02:16:26'),(63,'柯佳*','pess@thu.edu.tw','$2y$10$VIk5rNNpvg3TwtksMcjQgu6NPsk4bv1gtfL9C6M2hT3gIqthHCBnq','professor',NULL,'2017-05-20 02:24:17','2017-05-20 02:24:17'),(64,'許瑞*','rickysheu@thu.edu.tw','$2y$10$smhQ4Nns51Di.FJbqaoXAuQUCB45dpFbbtVtL15c8KZL/U3oSFLeq','professor',NULL,'2017-05-20 02:25:27','2017-05-20 02:25:27'),(65,'石志*','shihc@thu.edu.tw','$2y$10$/eNoxMoN12O5JC5tz8INbe/EnC9k3XF0ts2QjzEln2ZVvF/IKzatG','professor',NULL,'2017-05-20 02:34:06','2017-05-20 02:34:06'),(66,'黃宜*','yifung@thu.edu.tw','$2y$10$jWx7ry7jkUm2TXY8G529cuikhuMd6q.c9fbnBS4CpKvsDqZHcdu3K','professor',NULL,'2017-05-20 02:36:07','2017-05-20 02:36:07'),(67,'江輔*','admor@thu.edu.tw','$2y$10$llC0dZZTC.pnKGWiC1ZA7eymovBcMRH.IvxDAfm9u0gJeG2wNLhC.','professor',NULL,'2017-05-20 02:37:11','2017-05-20 02:37:11'),(68,'朱允*','juy@thu.edu.tw','$2y$10$3gJTO2URCAQuhWBm3mCGsOWM0r3Hut28CqGgm1exBlC5AwXDmM.2i','professor',NULL,'2017-05-20 02:39:58','2017-05-20 02:39:58'),(69,'蔡昇*','shasdkjfhs@thu.edu.tw','$2y$10$B/U.9kpWZ2GlwJyfWn.haO5p.0klgOursNpVqfYtZW9QK1yXQ5PTm','professor',NULL,'2017-05-20 02:48:46','2017-05-23 02:50:09'),(70,'林正*','cclin@thu.edu.tw','$2y$10$YNIYfTeW5uHp6LIxSqIeSOAKgA0rWIKCIq8Uzs2tmh47gvkRUdbF6','professor',NULL,'2017-05-20 02:58:07','2017-05-20 02:58:07'),(71,'方琮*','asdfsfxzxv@thu.edu.tw','$2y$10$MWR.oVtzqBn0E.x1eYjuHeM/tsxEQnz81ejY8wMwF7TCGi7wq8mKq','professor',NULL,'2017-05-23 02:49:30','2017-05-23 02:50:15'),(72,'羅珮*','werncvxm@thu.edu.tw','$2y$10$k6zT9eyyaIjmJYT4U/sXI.kxY.jfGgMZVJ.MS6nyF0yXqBbQkUP1O','professor',NULL,'2017-05-23 02:49:43','2017-05-23 02:50:05'),(73,'陳迪*','asfdkjnxcv@thu.edu.tw','$2y$10$oKMwzkEali7QkfslCeCVWOyvolfwRj5cP1iy6hUkURji3RBu4NrEK','professor',NULL,'2017-05-23 02:50:28','2017-05-23 02:50:28'),(74,'蕭淑*','xkjczlnvwe@thu.edu.tw','$2y$10$NSf18KLbXf.ufuql1nDP7OhYAzMcSPLuyEhOaP3lb4RE98/x5QnKC','professor',NULL,'2017-05-23 02:50:41','2017-05-23 02:50:41'),(75,'蕭志*','xvkneowrj@thu.edu.tw','$2y$10$LP41z.yIm24Zw1p8rYQTWOGaaom8VZ/SIeqLqdkC6KaQmJ6JSXYka','professor',NULL,'2017-05-23 02:51:01','2017-05-23 02:51:01'),(76,'梁碧*','bfliang@thu.edu.tw','$2y$10$YSLwORmWtUmpulg6cwdC5emmvDU0uotPtUzXRQjhQQSoQenaTU00G','professor',NULL,'2017-05-23 05:08:11','2017-05-23 05:08:11'),(77,'test','test@thu.edu.tw','$2y$10$W2V532YcWQIRwScYmrbWA.FAOnlkVhEOItjwAKqEA1uJBF5taDHPG','student',NULL,'2017-05-23 15:38:25','2017-05-23 15:38:25');
/*!40000 ALTER TABLE `users` ENABLE KEYS */;
UNLOCK TABLES;
/*!40103 SET TIME_ZONE=@OLD_TIME_ZONE */;

/*!40101 SET SQL_MODE=@OLD_SQL_MODE */;
/*!40014 SET FOREIGN_KEY_CHECKS=@OLD_FOREIGN_KEY_CHECKS */;
/*!40014 SET UNIQUE_CHECKS=@OLD_UNIQUE_CHECKS */;
/*!40101 SET CHARACTER_SET_CLIENT=@OLD_CHARACTER_SET_CLIENT */;
/*!40101 SET CHARACTER_SET_RESULTS=@OLD_CHARACTER_SET_RESULTS */;
/*!40101 SET COLLATION_CONNECTION=@OLD_COLLATION_CONNECTION */;
/*!40111 SET SQL_NOTES=@OLD_SQL_NOTES */;

-- Dump completed on 2017-05-25 13:45:49
